[
    {
        "manufacturer":"AMD",
        "model":"AMD Ryzen 5 5600X",
        "socket":"AM4",
        "n_cores":6,
        "base_clock_spd":"3.7 GHz",
        "boost_clock_spd":"4.6 GHz",
        "consumption":"65 W",
        "integrated_gpu":"",
        "overclock":true
    },
    {
        "manufacturer":"AMD",
        "model":"AMD Athlon 3000G",
        "socket":"AM4",
        "n_cores":2,
        "base_clock_spd":"3.5 GHz",
        "boost_clock_spd":" GHz",
        "consumption":"35 W",
        "integrated_gpu":"Radeon RX Vega 3",
        "overclock":true
    },
    {
        "manufacturer":"AMD",
        "model":"AMD Ryzen 3 3300X",
        "socket":"AM4",
        "n_cores":4,
        "base_clock_spd":"3.8 GHz",
        "boost_clock_spd":"4.3 GHz",
        "consumption":"65 W",
        "integrated_gpu":"",
        "overclock":true
    },
    {
        "manufacturer":"AMD",
        "model":"AMD Ryzen 5 5500",
        "socket":"AM4",
        "n_cores":6,
        "base_clock_spd":"3.6 GHz",
        "boost_clock_spd":"4.2 GHz",
        "consumption":"65 W",
        "integrated_gpu":"",
        "overclock":true
    },
    {
        "manufacturer":"AMD",
        "model":"AMD Ryzen 5 5600",
        "socket":"AM4",
        "n_cores":6,
        "base_clock_spd":"3.5 GHz",
        "boost_clock_spd":"4.4 GHz",
        "consumption":"65 W",
        "integrated_gpu":"",
        "overclock":true
    },
    {
        "manufacturer":"AMD",
        "model":"AMD Ryzen 5 5600G",
        "socket":"AM4",
        "n_cores":6,
        "base_clock_spd":"3.9 GHz",
        "boost_clock_spd":"4.4 GHz",
        "consumption":"65 W",
        "integrated_gpu":"Radeon RX Vega 7, Cezanne",
        "overclock":true
    },
    {
        "manufacturer":"AMD",
        "model":"AMD Ryzen 5 7600",
        "socket":"AM5",
        "n_cores":6,
        "base_clock_spd":"3.8 GHz",
        "boost_clock_spd":"5.1 GHz",
        "consumption":"65 W",
        "integrated_gpu":"Ryzen 7000 Graphics",
        "overclock":true
    },
    {
        "manufacturer":"AMD",
        "model":"AMD Ryzen 5 7600X",
        "socket":"AM5",
        "n_cores":6,
        "base_clock_spd":"4.7 GHz",
        "boost_clock_spd":"5.3 GHz",
        "consumption":"105 W",
        "integrated_gpu":"Ryzen 7000 Graphics",
        "overclock":true
    },
    {
        "manufacturer":"AMD",
        "model":"AMD Ryzen 7 5700G",
        "socket":"AM4",
        "n_cores":8,
        "base_clock_spd":"3.8 GHz",
        "boost_clock_spd":"4.6 GHz",
        "consumption":"65 W",
        "integrated_gpu":"Radeon RX Vega 8, Cezanne",
        "overclock":true
    },
    {
        "manufacturer":"AMD",
        "model":"AMD Ryzen 7 5700X",
        "socket":"AM4",
        "n_cores":8,
        "base_clock_spd":"3.4 GHz",
        "boost_clock_spd":"4.6 GHz",
        "consumption":"65 W",
        "integrated_gpu":"",
        "overclock":true
    },
    {
        "manufacturer":"AMD",
        "model":"AMD Ryzen 7 5800X",
        "socket":"AM4",
        "n_cores":8,
        "base_clock_spd":"3.8 GHz",
        "boost_clock_spd":"4.7 GHz",
        "consumption":"105 W",
        "integrated_gpu":"",
        "overclock":true
    },
    {
        "manufacturer":"AMD",
        "model":"AMD Ryzen 7 5800X3D",
        "socket":"AM4",
        "n_cores":8,
        "base_clock_spd":"3.4 GHz",
        "boost_clock_spd":"4.5 GHz",
        "consumption":"105 W",
        "integrated_gpu":"",
        "overclock":false
    },
    {
        "manufacturer":"AMD",
        "model":"AMD Ryzen 7 7700",
        "socket":"AM5",
        "n_cores":8,
        "base_clock_spd":"3.8 GHz",
        "boost_clock_spd":"5.3 GHz",
        "consumption":"65 W",
        "integrated_gpu":"Ryzen 7000 Graphics",
        "overclock":true
    },
    {
        "manufacturer":"AMD",
        "model":"AMD Ryzen 7 7700X",
        "socket":"AM5",
        "n_cores":8,
        "base_clock_spd":"4.5 GHz",
        "boost_clock_spd":"5.4 GHz",
        "consumption":"105 W",
        "integrated_gpu":"Ryzen 7000 Graphics",
        "overclock":true
    },
    {
        "manufacturer":"AMD",
        "model":"AMD Ryzen 9 5900X",
        "socket":"AM4",
        "n_cores":12,
        "base_clock_spd":"3.7 GHz",
        "boost_clock_spd":"4.8 GHz",
        "consumption":"105 W",
        "integrated_gpu":"",
        "overclock":true
    },
    {
        "manufacturer":"AMD",
        "model":"AMD Ryzen 9 5950X",
        "socket":"AM4",
        "n_cores":16,
        "base_clock_spd":"3.4 GHz",
        "boost_clock_spd":"4.9 GHz",
        "consumption":"105 W",
        "integrated_gpu":"",
        "overclock":true
    },
    {
        "manufacturer":"AMD",
        "model":"AMD Ryzen 9 7900",
        "socket":"AM5",
        "n_cores":12,
        "base_clock_spd":"3.7 GHz",
        "boost_clock_spd":"5.4 GHz",
        "consumption":"65 W",
        "integrated_gpu":"Ryzen 7000 Graphics",
        "overclock":true
    },
    {
        "manufacturer":"AMD",
        "model":"AMD Ryzen 9 7900X",
        "socket":"AM5",
        "n_cores":12,
        "base_clock_spd":"4.7 GHz",
        "boost_clock_spd":"5.6 GHz",
        "consumption":"170 W",
        "integrated_gpu":"Ryzen 7000 Graphics",
        "overclock":true
    },
    {
        "manufacturer":"AMD",
        "model":"AMD Ryzen 9 7950X",
        "socket":"AM5",
        "n_cores":16,
        "base_clock_spd":"4.5 GHz",
        "boost_clock_spd":"5.7 GHz",
        "consumption":"170 W",
        "integrated_gpu":"Ryzen 7000 Graphics",
        "overclock":true
    },
    {
        "manufacturer":"AMD",
        "model":"AMD Ryzen Threadripper 3960X",
        "socket":"TRX40",
        "n_cores":24,
        "base_clock_spd":"3.8 GHz",
        "boost_clock_spd":"4.5 GHz",
        "consumption":"280 W",
        "integrated_gpu":"",
        "overclock":true
    },
    {
        "manufacturer":"AMD",
        "model":"AMD Ryzen Threadripper 3970X",
        "socket":"TRX40",
        "n_cores":32,
        "base_clock_spd":"3.7 GHz",
        "boost_clock_spd":"4.5 GHz",
        "consumption":"280 W",
        "integrated_gpu":"",
        "overclock":true
    },
    {
        "manufacturer":"AMD",
        "model":"AMD Ryzen Threadripper 3990X",
        "socket":"TRX40",
        "n_cores":64,
        "base_clock_spd":"2.9 GHz",
        "boost_clock_spd":"4.3 GHz",
        "consumption":"280 W",
        "integrated_gpu":"",
        "overclock":true
    },
    {
        "manufacturer":"Intel",
        "model":"Intel Core i3-12100",
        "socket":"1700",
        "n_cores":4,
        "base_clock_spd":"3.3 GHz",
        "boost_clock_spd":"4.3 GHz",
        "consumption":"60 W",
        "integrated_gpu":"Intel UHD 730",
        "overclock":false
    },
    {
        "manufacturer":"Intel",
        "model":"Intel Core i3-12100F",
        "socket":"1700",
        "n_cores":4,
        "base_clock_spd":"3.3 GHz",
        "boost_clock_spd":"4.3 GHz",
        "consumption":"60 W",
        "integrated_gpu":"",
        "overclock":false
    },
    {
        "manufacturer":"Intel",
        "model":"Intel Core i5-12400",
        "socket":"1700",
        "n_cores":6,
        "base_clock_spd":"2.5 GHz",
        "boost_clock_spd":"4.4 GHz",
        "consumption":"65 W",
        "integrated_gpu":"Intel UHD 730",
        "overclock":false
    },
    {
        "manufacturer":"Intel",
        "model":"Intel Core i5-12400F",
        "socket":"1700",
        "n_cores":6,
        "base_clock_spd":"2.5 GHz",
        "boost_clock_spd":"4.4 GHz",
        "consumption":"65 W",
        "integrated_gpu":"",
        "overclock":false
    },
    {
        "manufacturer":"Intel",
        "model":"Intel Core i5-12500",
        "socket":"1700",
        "n_cores":6,
        "base_clock_spd":"3.0 GHz",
        "boost_clock_spd":"4.6 GHz",
        "consumption":"65 W",
        "integrated_gpu":"Intel UHD 770",
        "overclock":false
    },
    {
        "manufacturer":"Intel",
        "model":"Intel Core i5-12600",
        "socket":"1700",
        "n_cores":6,
        "base_clock_spd":"3.3 GHz",
        "boost_clock_spd":"4.8 GHz",
        "consumption":"65 W",
        "integrated_gpu":"Intel UHD 770",
        "overclock":false
    },
    {
        "manufacturer":"Intel",
        "model":"Intel Core i5-12600K",
        "socket":"1700",
        "n_cores":6,
        "base_clock_spd":"3.6 GHz",
        "boost_clock_spd":"4.9 GHz",
        "consumption":"125 W",
        "integrated_gpu":"Intel UHD 770",
        "overclock":true
    },
    {
        "manufacturer":"Intel",
        "model":"Intel Core i5-12600KF",
        "socket":"1700",
        "n_cores":6,
        "base_clock_spd":"3.7 GHz",
        "boost_clock_spd":"4.9 GHz",
        "consumption":"125 W",
        "integrated_gpu":"",
        "overclock":true
    },
    {
        "manufacturer":"Intel",
        "model":"Intel Core i5-13400",
        "socket":"1700",
        "n_cores":6,
        "base_clock_spd":"2.5 GHz",
        "boost_clock_spd":" GHz",
        "consumption":"65 W",
        "integrated_gpu":"",
        "overclock":false
    },
    {
        "manufacturer":"Intel",
        "model":"Intel Core i5-13400F",
        "socket":"1700",
        "n_cores":6,
        "base_clock_spd":"3.3 GHz",
        "boost_clock_spd":" GHz",
        "consumption":"65 W",
        "integrated_gpu":"",
        "overclock":false
    },
    {
        "manufacturer":"Intel",
        "model":"Intel Core i5-13600K",
        "socket":"1700",
        "n_cores":6,
        "base_clock_spd":"3.5 GHz",
        "boost_clock_spd":" GHz",
        "consumption":"125 W",
        "integrated_gpu":"Intel UHD 770",
        "overclock":true
    },
    {
        "manufacturer":"Intel",
        "model":"Intel Core i5-13600KF",
        "socket":"1700",
        "n_cores":6,
        "base_clock_spd":"3.5 GHz",
        "boost_clock_spd":" GHz",
        "consumption":"125 W",
        "integrated_gpu":"",
        "overclock":true
    },
    {
        "manufacturer":"Intel",
        "model":"Intel Core i7-12700",
        "socket":"1700",
        "n_cores":8,
        "base_clock_spd":"2.1 GHz",
        "boost_clock_spd":"4.9 GHz",
        "consumption":"65 W",
        "integrated_gpu":"Intel UHD 770",
        "overclock":false
    },
    {
        "manufacturer":"Intel",
        "model":"Intel Core i7-12700K",
        "socket":"1700",
        "n_cores":8,
        "base_clock_spd":"3.6 GHz",
        "boost_clock_spd":"5.0 GHz",
        "consumption":"125 W",
        "integrated_gpu":"Intel UHD 770",
        "overclock":true
    },
    {
        "manufacturer":"Intel",
        "model":"Intel Core i7-13700",
        "socket":"1700",
        "n_cores":8,
        "base_clock_spd":"4.0 GHz",
        "boost_clock_spd":" GHz",
        "consumption":"65 W",
        "integrated_gpu":"",
        "overclock":false
    },
    {
        "manufacturer":"Intel",
        "model":"Intel Core i7-13700F",
        "socket":"1700",
        "n_cores":8,
        "base_clock_spd":"4.0 GHz",
        "boost_clock_spd":" GHz",
        "consumption":"65 W",
        "integrated_gpu":"",
        "overclock":false
    },
    {
        "manufacturer":"Intel",
        "model":"Intel Core i7-13700K",
        "socket":"1700",
        "n_cores":8,
        "base_clock_spd":"3.4 GHz",
        "boost_clock_spd":"3.0 GHz",
        "consumption":"125 W",
        "integrated_gpu":"Intel UHD 770",
        "overclock":true
    },
    {
        "manufacturer":"Intel",
        "model":"Intel Core i7-13700KF",
        "socket":"1700",
        "n_cores":8,
        "base_clock_spd":"3.4 GHz",
        "boost_clock_spd":"3.0 GHz",
        "consumption":"125 W",
        "integrated_gpu":"",
        "overclock":true
    },
    {
        "manufacturer":"Intel",
        "model":"Intel Core i9-12900",
        "socket":"1700",
        "n_cores":8,
        "base_clock_spd":"2.4 GHz",
        "boost_clock_spd":"5.1 GHz",
        "consumption":"65 W",
        "integrated_gpu":"Intel UHD 770",
        "overclock":false
    },
    {
        "manufacturer":"Intel",
        "model":"Intel Core i9-12900K",
        "socket":"1700",
        "n_cores":8,
        "base_clock_spd":"3.2 GHz",
        "boost_clock_spd":"5.2 GHz",
        "consumption":"125 W",
        "integrated_gpu":"Intel UHD 770",
        "overclock":true
    },
    {
        "manufacturer":"Intel",
        "model":"Intel Core i9-12900KF",
        "socket":"1700",
        "n_cores":8,
        "base_clock_spd":"3.2 GHz",
        "boost_clock_spd":"5.2 GHz",
        "consumption":"125 W",
        "integrated_gpu":"",
        "overclock":true
    },
    {
        "manufacturer":"Intel",
        "model":"Intel Core i9-13900",
        "socket":"1700",
        "n_cores":8,
        "base_clock_spd":"4.3 GHz",
        "boost_clock_spd":" GHz",
        "consumption":"65 W",
        "integrated_gpu":"",
        "overclock":false
    },
    {
        "manufacturer":"Intel",
        "model":"Intel Core i9-13900F",
        "socket":"1700",
        "n_cores":8,
        "base_clock_spd":"4.3 GHz",
        "boost_clock_spd":" GHz",
        "consumption":"65 W",
        "integrated_gpu":"",
        "overclock":false
    },
    {
        "manufacturer":"Intel",
        "model":"Intel Core i9-13900K",
        "socket":"1700",
        "n_cores":8,
        "base_clock_spd":"3.0 GHz",
        "boost_clock_spd":"3.0 GHz",
        "consumption":"125 W",
        "integrated_gpu":"Intel UHD 770",
        "overclock":true
    },
    {
        "manufacturer":"Intel",
        "model":"Intel Core i9-13900KF",
        "socket":"1700",
        "n_cores":8,
        "base_clock_spd":"3.0 GHz",
        "boost_clock_spd":"3.0 GHz",
        "consumption":"125 W",
        "integrated_gpu":"",
        "overclock":true
    },
    {
        "manufacturer":"AMD",
        "model":"AMD A10-6790K",
        "socket":"FM2",
        "n_cores":4,
        "base_clock_spd":"4.0 GHz",
        "boost_clock_spd":"4.3 GHz",
        "consumption":"100 W",
        "integrated_gpu":"Radeon HD 8670D",
        "overclock":true
    },
    {
        "manufacturer":"AMD",
        "model":"AMD A10-7800",
        "socket":"FM2+",
        "n_cores":2,
        "base_clock_spd":"3.5 GHz",
        "boost_clock_spd":"3.9 GHz",
        "consumption":"65 W",
        "integrated_gpu":"Radeon R7",
        "overclock":false
    },
    {
        "manufacturer":"AMD",
        "model":"AMD A10-7850K",
        "socket":"FM2+",
        "n_cores":2,
        "base_clock_spd":"3.7 GHz",
        "boost_clock_spd":"4.0 GHz",
        "consumption":"95 W",
        "integrated_gpu":"Radeon R7",
        "overclock":true
    },
    {
        "manufacturer":"AMD",
        "model":"AMD A10-7860K",
        "socket":"FM2+",
        "n_cores":2,
        "base_clock_spd":"3.6 GHz",
        "boost_clock_spd":"4.0 GHz",
        "consumption":"65 W",
        "integrated_gpu":"",
        "overclock":true
    },
    {
        "manufacturer":"AMD",
        "model":"AMD A10-7870K",
        "socket":"FM2+",
        "n_cores":2,
        "base_clock_spd":"3.9 GHz",
        "boost_clock_spd":"4.1 GHz",
        "consumption":"95 W",
        "integrated_gpu":"Radeon R7",
        "overclock":true
    },
    {
        "manufacturer":"AMD",
        "model":"AMD A10-7890K",
        "socket":"FM2+",
        "n_cores":2,
        "base_clock_spd":"4.1 GHz",
        "boost_clock_spd":"4.3 GHz",
        "consumption":"95 W",
        "integrated_gpu":"Radeon R7",
        "overclock":true
    },
    {
        "manufacturer":"AMD",
        "model":"AMD A10-9700",
        "socket":"AM4",
        "n_cores":4,
        "base_clock_spd":"3.5 GHz",
        "boost_clock_spd":" GHz",
        "consumption":"65 W",
        "integrated_gpu":"Radeon R7",
        "overclock":false
    },
    {
        "manufacturer":"AMD",
        "model":"AMD A10-9700E",
        "socket":"AM4",
        "n_cores":4,
        "base_clock_spd":" GHz",
        "boost_clock_spd":" GHz",
        "consumption":"35 W",
        "integrated_gpu":"Radeon R7",
        "overclock":false
    },
    {
        "manufacturer":"AMD",
        "model":"AMD A12-9800",
        "socket":"AM4",
        "n_cores":4,
        "base_clock_spd":"3.8 GHz",
        "boost_clock_spd":" GHz",
        "consumption":"65 W",
        "integrated_gpu":"Radeon R7",
        "overclock":false
    },
    {
        "manufacturer":"AMD",
        "model":"AMD A12-9800E",
        "socket":"AM4",
        "n_cores":4,
        "base_clock_spd":"3.1 GHz",
        "boost_clock_spd":" GHz",
        "consumption":"35 W",
        "integrated_gpu":"Radeon R7",
        "overclock":false
    },
    {
        "manufacturer":"AMD",
        "model":"AMD A4-4020",
        "socket":"FM2, FM2+",
        "n_cores":1,
        "base_clock_spd":"3.2 GHz",
        "boost_clock_spd":"3.4 GHz",
        "consumption":"65 W",
        "integrated_gpu":"",
        "overclock":false
    },
    {
        "manufacturer":"AMD",
        "model":"AMD A4-5300",
        "socket":"FM2",
        "n_cores":2,
        "base_clock_spd":"3.4 GHz",
        "boost_clock_spd":"3.6 GHz",
        "consumption":"65 W",
        "integrated_gpu":"Radeon HD 7480D",
        "overclock":false
    },
    {
        "manufacturer":"AMD",
        "model":"AMD A4-7300",
        "socket":"FM2",
        "n_cores":1,
        "base_clock_spd":"3.8 GHz",
        "boost_clock_spd":"4.0 GHz",
        "consumption":"65 W",
        "integrated_gpu":"",
        "overclock":false
    },
    {
        "manufacturer":"AMD",
        "model":"AMD A6-6400K",
        "socket":"FM2",
        "n_cores":2,
        "base_clock_spd":"3.9 GHz",
        "boost_clock_spd":"4.1 GHz",
        "consumption":"65 W",
        "integrated_gpu":"Radeon HD 8470D",
        "overclock":true
    },
    {
        "manufacturer":"AMD",
        "model":"AMD A6-6420K",
        "socket":"FM2, FM2+",
        "n_cores":1,
        "base_clock_spd":"4.0 GHz",
        "boost_clock_spd":"4.2 GHz",
        "consumption":"65 W",
        "integrated_gpu":"Radeon HD 8670D",
        "overclock":true
    },
    {
        "manufacturer":"AMD",
        "model":"AMD A6-7400K",
        "socket":"FM2+",
        "n_cores":1,
        "base_clock_spd":"3.5 GHz",
        "boost_clock_spd":"3.9 GHz",
        "consumption":"65 W",
        "integrated_gpu":"",
        "overclock":true
    },
    {
        "manufacturer":"AMD",
        "model":"AMD A6-7470K",
        "socket":"FM2+",
        "n_cores":1,
        "base_clock_spd":"3.7 GHz",
        "boost_clock_spd":"4.0 GHz",
        "consumption":"65 W",
        "integrated_gpu":"",
        "overclock":true
    },
    {
        "manufacturer":"AMD",
        "model":"AMD A6-9500",
        "socket":"AM4",
        "n_cores":2,
        "base_clock_spd":"3.5 GHz",
        "boost_clock_spd":" GHz",
        "consumption":"65 W",
        "integrated_gpu":"Radeon R5",
        "overclock":false
    },
    {
        "manufacturer":"AMD",
        "model":"AMD A6-9500E",
        "socket":"AM4",
        "n_cores":2,
        "base_clock_spd":"3.0 GHz",
        "boost_clock_spd":" GHz",
        "consumption":"35 W",
        "integrated_gpu":"Radeon R5",
        "overclock":false
    },
    {
        "manufacturer":"AMD",
        "model":"AMD A8-6600K",
        "socket":"FM2",
        "n_cores":4,
        "base_clock_spd":"3.9 GHz",
        "boost_clock_spd":"4.2 GHz",
        "consumption":"100 W",
        "integrated_gpu":"Radeon HD 8570D",
        "overclock":true
    },
    {
        "manufacturer":"AMD",
        "model":"AMD A8-7600",
        "socket":"FM2+",
        "n_cores":2,
        "base_clock_spd":"3.1 GHz",
        "boost_clock_spd":"3.8 GHz",
        "consumption":"65 W",
        "integrated_gpu":"",
        "overclock":false
    },
    {
        "manufacturer":"AMD",
        "model":"AMD A8-7650K",
        "socket":"FM2+",
        "n_cores":2,
        "base_clock_spd":"3.3 GHz",
        "boost_clock_spd":"3.7 GHz",
        "consumption":"95 W",
        "integrated_gpu":"Radeon R7",
        "overclock":true
    },
    {
        "manufacturer":"AMD",
        "model":"AMD A8-7650K",
        "socket":"FM2+",
        "n_cores":2,
        "base_clock_spd":"3.3 GHz",
        "boost_clock_spd":"3.7 GHz",
        "consumption":"95 W",
        "integrated_gpu":"Radeon R7",
        "overclock":true
    },
    {
        "manufacturer":"AMD",
        "model":"AMD A8-7670K",
        "socket":"FM2+",
        "n_cores":2,
        "base_clock_spd":"3.6 GHz",
        "boost_clock_spd":"3.9 GHz",
        "consumption":"95 W",
        "integrated_gpu":"",
        "overclock":true
    },
    {
        "manufacturer":"AMD",
        "model":"AMD A8-9600",
        "socket":"AM4",
        "n_cores":4,
        "base_clock_spd":"3.1 GHz",
        "boost_clock_spd":" GHz",
        "consumption":"65 W",
        "integrated_gpu":"Radeon R7",
        "overclock":false
    },
    {
        "manufacturer":"AMD",
        "model":"AMD Athlon 200GE",
        "socket":"AM4",
        "n_cores":2,
        "base_clock_spd":"3.2 GHz",
        "boost_clock_spd":" GHz",
        "consumption":"35 W",
        "integrated_gpu":"Radeon RX Vega 3",
        "overclock":false
    },
    {
        "manufacturer":"AMD",
        "model":"AMD Athlon 220GE",
        "socket":"AM4",
        "n_cores":2,
        "base_clock_spd":"3.4 GHz",
        "boost_clock_spd":" GHz",
        "consumption":"35 W",
        "integrated_gpu":"Radeon RX Vega 3",
        "overclock":false
    },
    {
        "manufacturer":"AMD",
        "model":"AMD Athlon 240GE",
        "socket":"AM4",
        "n_cores":2,
        "base_clock_spd":"3.5 GHz",
        "boost_clock_spd":" GHz",
        "consumption":"35 W",
        "integrated_gpu":"Radeon RX Vega 3",
        "overclock":false
    },
    {
        "manufacturer":"AMD",
        "model":"AMD Athlon X4 845",
        "socket":"FM2+",
        "n_cores":2,
        "base_clock_spd":"3.5 GHz",
        "boost_clock_spd":"3.8 GHz",
        "consumption":"65 W",
        "integrated_gpu":"",
        "overclock":false
    },
    {
        "manufacturer":"AMD",
        "model":"AMD Athlon X4 860K",
        "socket":"FM2+",
        "n_cores":2,
        "base_clock_spd":"3.7 GHz",
        "boost_clock_spd":"4.0 GHz",
        "consumption":"95 W",
        "integrated_gpu":"",
        "overclock":true
    },
    {
        "manufacturer":"AMD",
        "model":"AMD Athlon X4 860K",
        "socket":"FM2+",
        "n_cores":2,
        "base_clock_spd":"3.7 GHz",
        "boost_clock_spd":"4.0 GHz",
        "consumption":"95 W",
        "integrated_gpu":"",
        "overclock":true
    },
    {
        "manufacturer":"AMD",
        "model":"AMD Athlon X4 870K",
        "socket":"FM2+",
        "n_cores":2,
        "base_clock_spd":"3.9 GHz",
        "boost_clock_spd":"4.1 GHz",
        "consumption":"95 W",
        "integrated_gpu":"",
        "overclock":true
    },
    {
        "manufacturer":"AMD",
        "model":"AMD Athlon X4 880K",
        "socket":"FM2+",
        "n_cores":2,
        "base_clock_spd":"4.0 GHz",
        "boost_clock_spd":"4.2 GHz",
        "consumption":"95 W",
        "integrated_gpu":"",
        "overclock":true
    },
    {
        "manufacturer":"AMD",
        "model":"AMD Athlon X4 950",
        "socket":"AM4",
        "n_cores":4,
        "base_clock_spd":"3.5 GHz",
        "boost_clock_spd":" GHz",
        "consumption":"65 W",
        "integrated_gpu":"",
        "overclock":false
    },
    {
        "manufacturer":"AMD",
        "model":"AMD FX-4300",
        "socket":"AM3+",
        "n_cores":4,
        "base_clock_spd":"3.8 GHz",
        "boost_clock_spd":"4.0 GHz",
        "consumption":"95 W",
        "integrated_gpu":"",
        "overclock":true
    },
    {
        "manufacturer":"AMD",
        "model":"AMD FX-4350",
        "socket":"AM3+",
        "n_cores":4,
        "base_clock_spd":"4.2 GHz",
        "boost_clock_spd":"4.3 GHz",
        "consumption":"125 W",
        "integrated_gpu":"",
        "overclock":true
    },
    {
        "manufacturer":"AMD",
        "model":"AMD FX-6300",
        "socket":"AM3+",
        "n_cores":6,
        "base_clock_spd":"3.5 GHz",
        "boost_clock_spd":"4.1 GHz",
        "consumption":"95 W",
        "integrated_gpu":"",
        "overclock":true
    },
    {
        "manufacturer":"AMD",
        "model":"AMD FX-6350",
        "socket":"AM3+",
        "n_cores":6,
        "base_clock_spd":"3.9 GHz",
        "boost_clock_spd":"4.2 GHz",
        "consumption":"125 W",
        "integrated_gpu":"",
        "overclock":true
    },
    {
        "manufacturer":"AMD",
        "model":"AMD FX-8150",
        "socket":"AM3+",
        "n_cores":8,
        "base_clock_spd":"3.6 GHz",
        "boost_clock_spd":"4.2 GHz",
        "consumption":"125 W",
        "integrated_gpu":"",
        "overclock":true
    },
    {
        "manufacturer":"AMD",
        "model":"AMD FX-8300",
        "socket":"AM3+",
        "n_cores":8,
        "base_clock_spd":"3.3 GHz",
        "boost_clock_spd":"4.2 GHz",
        "consumption":"95 W",
        "integrated_gpu":"",
        "overclock":true
    },
    {
        "manufacturer":"AMD",
        "model":"AMD FX-8320",
        "socket":"AM3+",
        "n_cores":8,
        "base_clock_spd":"3.5 GHz",
        "boost_clock_spd":"4.0 GHz",
        "consumption":"125 W",
        "integrated_gpu":"",
        "overclock":true
    },
    {
        "manufacturer":"AMD",
        "model":"AMD FX-8320E",
        "socket":"AM3+",
        "n_cores":8,
        "base_clock_spd":"3.2 GHz",
        "boost_clock_spd":"4.0 GHz",
        "consumption":"95 W",
        "integrated_gpu":"",
        "overclock":true
    },
    {
        "manufacturer":"AMD",
        "model":"AMD FX-8350",
        "socket":"AM3+",
        "n_cores":8,
        "base_clock_spd":"4.0 GHz",
        "boost_clock_spd":"4.2 GHz",
        "consumption":"125 W",
        "integrated_gpu":"",
        "overclock":true
    },
    {
        "manufacturer":"AMD",
        "model":"AMD FX-8370",
        "socket":"AM3+",
        "n_cores":8,
        "base_clock_spd":"4.0 GHz",
        "boost_clock_spd":"4.3 GHz",
        "consumption":"125 W",
        "integrated_gpu":"",
        "overclock":true
    },
    {
        "manufacturer":"AMD",
        "model":"AMD FX-8370",
        "socket":"AM3+",
        "n_cores":8,
        "base_clock_spd":"4.0 GHz",
        "boost_clock_spd":"4.3 GHz",
        "consumption":"125 W",
        "integrated_gpu":"",
        "overclock":true
    },
    {
        "manufacturer":"AMD",
        "model":"AMD FX-8370E",
        "socket":"AM3+",
        "n_cores":4,
        "base_clock_spd":"3.3 GHz",
        "boost_clock_spd":"4.3 GHz",
        "consumption":"95 W",
        "integrated_gpu":"",
        "overclock":true
    },
    {
        "manufacturer":"AMD",
        "model":"AMD FX-9370",
        "socket":"AM3+",
        "n_cores":4,
        "base_clock_spd":"4.4 GHz",
        "boost_clock_spd":"4.7 GHz",
        "consumption":"220 W",
        "integrated_gpu":"",
        "overclock":true
    },
    {
        "manufacturer":"AMD",
        "model":"AMD FX-9590",
        "socket":"AM3+",
        "n_cores":8,
        "base_clock_spd":"4.7 GHz",
        "boost_clock_spd":"5.0 GHz",
        "consumption":"220 W",
        "integrated_gpu":"",
        "overclock":true
    },
    {
        "manufacturer":"AMD",
        "model":"AMD Phenom II X6 1090T",
        "socket":"AM3",
        "n_cores":6,
        "base_clock_spd":"3.2 GHz",
        "boost_clock_spd":"3.6 GHz",
        "consumption":"125 W",
        "integrated_gpu":"",
        "overclock":true
    },
    {
        "manufacturer":"AMD",
        "model":"AMD Ryzen 3 1200",
        "socket":"AM4",
        "n_cores":4,
        "base_clock_spd":"3.1 GHz",
        "boost_clock_spd":"3.4 GHz",
        "consumption":"65 W",
        "integrated_gpu":"",
        "overclock":true
    },
    {
        "manufacturer":"AMD",
        "model":"AMD Ryzen 3 1200 AF",
        "socket":"AM4",
        "n_cores":4,
        "base_clock_spd":"3.1 GHz",
        "boost_clock_spd":"3.4 GHz",
        "consumption":"65 W",
        "integrated_gpu":"",
        "overclock":true
    },
    {
        "manufacturer":"AMD",
        "model":"AMD Ryzen 3 1300X",
        "socket":"AM4",
        "n_cores":4,
        "base_clock_spd":"3.5 GHz",
        "boost_clock_spd":"3.7 GHz",
        "consumption":"65 W",
        "integrated_gpu":"",
        "overclock":true
    },
    {
        "manufacturer":"AMD",
        "model":"AMD Ryzen 3 2200G",
        "socket":"AM4",
        "n_cores":4,
        "base_clock_spd":"3.5 GHz",
        "boost_clock_spd":"3.7 GHz",
        "consumption":"65 W",
        "integrated_gpu":"Radeon RX Vega 8",
        "overclock":true
    },
    {
        "manufacturer":"AMD",
        "model":"AMD Ryzen 3 3100",
        "socket":"AM4",
        "n_cores":4,
        "base_clock_spd":"3.6 GHz",
        "boost_clock_spd":"3.9 GHz",
        "consumption":"65 W",
        "integrated_gpu":"",
        "overclock":true
    },
    {
        "manufacturer":"AMD",
        "model":"AMD Ryzen 3 3200G",
        "socket":"AM4",
        "n_cores":4,
        "base_clock_spd":"3.6 GHz",
        "boost_clock_spd":"4.0 GHz",
        "consumption":"65 W",
        "integrated_gpu":"Radeon RX Vega 8",
        "overclock":true
    },
    {
        "manufacturer":"AMD",
        "model":"AMD Ryzen 3 4100",
        "socket":"AM4",
        "n_cores":4,
        "base_clock_spd":"3.8 GHz",
        "boost_clock_spd":"4.0 GHz",
        "consumption":"65 W",
        "integrated_gpu":"",
        "overclock":true
    },
    {
        "manufacturer":"AMD",
        "model":"AMD Ryzen 5 1400",
        "socket":"AM4",
        "n_cores":4,
        "base_clock_spd":"3.2 GHz",
        "boost_clock_spd":"3.4 GHz",
        "consumption":"65 W",
        "integrated_gpu":"",
        "overclock":true
    },
    {
        "manufacturer":"AMD",
        "model":"AMD Ryzen 5 1500X",
        "socket":"AM4",
        "n_cores":4,
        "base_clock_spd":"3.5 GHz",
        "boost_clock_spd":"3.7 GHz",
        "consumption":"65 W",
        "integrated_gpu":"",
        "overclock":true
    },
    {
        "manufacturer":"AMD",
        "model":"AMD Ryzen 5 1600",
        "socket":"AM4",
        "n_cores":6,
        "base_clock_spd":"3.2 GHz",
        "boost_clock_spd":"3.6 GHz",
        "consumption":"65 W",
        "integrated_gpu":"",
        "overclock":true
    },
    {
        "manufacturer":"AMD",
        "model":"AMD Ryzen 5 1600 AF",
        "socket":"AM4",
        "n_cores":6,
        "base_clock_spd":"3.2 GHz",
        "boost_clock_spd":"3.6 GHz",
        "consumption":"65 W",
        "integrated_gpu":"",
        "overclock":true
    },
    {
        "manufacturer":"AMD",
        "model":"AMD Ryzen 5 1600X",
        "socket":"AM4",
        "n_cores":6,
        "base_clock_spd":"3.6 GHz",
        "boost_clock_spd":"4.0 GHz",
        "consumption":"95 W",
        "integrated_gpu":"",
        "overclock":true
    },
    {
        "manufacturer":"AMD",
        "model":"AMD Ryzen 5 2400G",
        "socket":"AM4",
        "n_cores":4,
        "base_clock_spd":"3.6 GHz",
        "boost_clock_spd":"3.9 GHz",
        "consumption":"65 W",
        "integrated_gpu":"Radeon RX Vega 11",
        "overclock":true
    },
    {
        "manufacturer":"AMD",
        "model":"AMD Ryzen 5 2600",
        "socket":"AM4",
        "n_cores":6,
        "base_clock_spd":"3.4 GHz",
        "boost_clock_spd":"3.9 GHz",
        "consumption":"65 W",
        "integrated_gpu":"",
        "overclock":true
    },
    {
        "manufacturer":"AMD",
        "model":"AMD Ryzen 5 2600",
        "socket":"AM4",
        "n_cores":6,
        "base_clock_spd":"3.4 GHz",
        "boost_clock_spd":"3.9 GHz",
        "consumption":"65 W",
        "integrated_gpu":"",
        "overclock":true
    },
    {
        "manufacturer":"AMD",
        "model":"AMD Ryzen 5 2600X",
        "socket":"AM4",
        "n_cores":6,
        "base_clock_spd":"3.6 GHz",
        "boost_clock_spd":"4.1 GHz",
        "consumption":"95 W",
        "integrated_gpu":"",
        "overclock":true
    },
    {
        "manufacturer":"AMD",
        "model":"AMD Ryzen 5 2600X",
        "socket":"AM4",
        "n_cores":6,
        "base_clock_spd":"3.6 GHz",
        "boost_clock_spd":"4.2 GHz",
        "consumption":"95 W",
        "integrated_gpu":"",
        "overclock":true
    },
    {
        "manufacturer":"AMD",
        "model":"AMD Ryzen 5 3400G",
        "socket":"AM4",
        "n_cores":4,
        "base_clock_spd":"3.7 GHz",
        "boost_clock_spd":"4.2 GHz",
        "consumption":"65 W",
        "integrated_gpu":"Radeon RX Vega 11",
        "overclock":true
    },
    {
        "manufacturer":"AMD",
        "model":"AMD Ryzen 5 3500X",
        "socket":"AM4",
        "n_cores":6,
        "base_clock_spd":"3.6 GHz",
        "boost_clock_spd":"4.1 GHz",
        "consumption":"65 W",
        "integrated_gpu":"",
        "overclock":true
    },
    {
        "manufacturer":"AMD",
        "model":"AMD Ryzen 5 3600",
        "socket":"AM4",
        "n_cores":6,
        "base_clock_spd":"3.6 GHz",
        "boost_clock_spd":"4.2 GHz",
        "consumption":"65 W",
        "integrated_gpu":"",
        "overclock":true
    },
    {
        "manufacturer":"AMD",
        "model":"AMD Ryzen 5 3600",
        "socket":"AM4",
        "n_cores":6,
        "base_clock_spd":"3.6 GHz",
        "boost_clock_spd":"4.2 GHz",
        "consumption":"65 W",
        "integrated_gpu":"",
        "overclock":true
    },
    {
        "manufacturer":"AMD",
        "model":"AMD Ryzen 5 3600X",
        "socket":"AM4",
        "n_cores":6,
        "base_clock_spd":"3.8 GHz",
        "boost_clock_spd":"4.4 GHz",
        "consumption":"95 W",
        "integrated_gpu":"",
        "overclock":true
    },
    {
        "manufacturer":"AMD",
        "model":"AMD Ryzen 5 3600XT",
        "socket":"AM4",
        "n_cores":6,
        "base_clock_spd":"3.8 GHz",
        "boost_clock_spd":"4.5 GHz",
        "consumption":"95 W",
        "integrated_gpu":"",
        "overclock":true
    },
    {
        "manufacturer":"AMD",
        "model":"AMD Ryzen 5 4500",
        "socket":"AM4",
        "n_cores":6,
        "base_clock_spd":"3.6 GHz",
        "boost_clock_spd":"4.1 GHz",
        "consumption":"65 W",
        "integrated_gpu":"",
        "overclock":true
    },
    {
        "manufacturer":"AMD",
        "model":"AMD Ryzen 7 1700",
        "socket":"AM4",
        "n_cores":8,
        "base_clock_spd":"3.0 GHz",
        "boost_clock_spd":"3.7 GHz",
        "consumption":"65 W",
        "integrated_gpu":"",
        "overclock":true
    },
    {
        "manufacturer":"AMD",
        "model":"AMD Ryzen 7 1700X",
        "socket":"AM4",
        "n_cores":8,
        "base_clock_spd":"3.4 GHz",
        "boost_clock_spd":"3.8 GHz",
        "consumption":"95 W",
        "integrated_gpu":"",
        "overclock":true
    },
    {
        "manufacturer":"AMD",
        "model":"AMD Ryzen 7 1800X",
        "socket":"AM4",
        "n_cores":8,
        "base_clock_spd":"3.6 GHz",
        "boost_clock_spd":"4.0 GHz",
        "consumption":"95 W",
        "integrated_gpu":"",
        "overclock":true
    },
    {
        "manufacturer":"AMD",
        "model":"AMD Ryzen 7 2700",
        "socket":"AM4",
        "n_cores":8,
        "base_clock_spd":"3.2 GHz",
        "boost_clock_spd":"4.1 GHz",
        "consumption":"100 W",
        "integrated_gpu":"",
        "overclock":true
    },
    {
        "manufacturer":"AMD",
        "model":"AMD Ryzen 7 2700",
        "socket":"AM4",
        "n_cores":8,
        "base_clock_spd":"3.2 GHz",
        "boost_clock_spd":"4.1 GHz",
        "consumption":"100 W",
        "integrated_gpu":"",
        "overclock":true
    },
    {
        "manufacturer":"AMD",
        "model":"AMD Ryzen 7 2700X",
        "socket":"AM4",
        "n_cores":8,
        "base_clock_spd":"3.7 GHz",
        "boost_clock_spd":"4.3 GHz",
        "consumption":"100 W",
        "integrated_gpu":"",
        "overclock":true
    },
    {
        "manufacturer":"AMD",
        "model":"AMD Ryzen 7 3700X",
        "socket":"AM4",
        "n_cores":8,
        "base_clock_spd":"3.6 GHz",
        "boost_clock_spd":"4.4 GHz",
        "consumption":"65 W",
        "integrated_gpu":"",
        "overclock":true
    },
    {
        "manufacturer":"AMD",
        "model":"AMD Ryzen 7 3800X",
        "socket":"AM4",
        "n_cores":8,
        "base_clock_spd":"3.9 GHz",
        "boost_clock_spd":"4.5 GHz",
        "consumption":"105 W",
        "integrated_gpu":"",
        "overclock":true
    },
    {
        "manufacturer":"AMD",
        "model":"AMD Ryzen 7 3800XT",
        "socket":"AM4",
        "n_cores":8,
        "base_clock_spd":"3.9 GHz",
        "boost_clock_spd":"4.7 GHz",
        "consumption":"105 W",
        "integrated_gpu":"",
        "overclock":true
    },
    {
        "manufacturer":"AMD",
        "model":"AMD Ryzen 9 3900X",
        "socket":"AM4",
        "n_cores":12,
        "base_clock_spd":"3.8 GHz",
        "boost_clock_spd":"4.6 GHz",
        "consumption":"105 W",
        "integrated_gpu":"",
        "overclock":true
    },
    {
        "manufacturer":"AMD",
        "model":"AMD Ryzen 9 3900XT",
        "socket":"AM4",
        "n_cores":12,
        "base_clock_spd":"3.8 GHz",
        "boost_clock_spd":"4.7 GHz",
        "consumption":"105 W",
        "integrated_gpu":"",
        "overclock":true
    },
    {
        "manufacturer":"AMD",
        "model":"AMD Ryzen 9 3950X",
        "socket":"AM4",
        "n_cores":16,
        "base_clock_spd":"3.5 GHz",
        "boost_clock_spd":"4.7 GHz",
        "consumption":"105 W",
        "integrated_gpu":"",
        "overclock":true
    },
    {
        "manufacturer":"AMD",
        "model":"AMD Ryzen Threadripper 1900X",
        "socket":"TR4",
        "n_cores":8,
        "base_clock_spd":"3.8 GHz",
        "boost_clock_spd":"4.0 GHz",
        "consumption":"180 W",
        "integrated_gpu":"",
        "overclock":true
    },
    {
        "manufacturer":"AMD",
        "model":"AMD Ryzen Threadripper 1920X",
        "socket":"TR4",
        "n_cores":12,
        "base_clock_spd":"3.5 GHz",
        "boost_clock_spd":"4.0 GHz",
        "consumption":"180 W",
        "integrated_gpu":"",
        "overclock":true
    },
    {
        "manufacturer":"AMD",
        "model":"AMD Ryzen Threadripper 1950X",
        "socket":"TR4",
        "n_cores":16,
        "base_clock_spd":"3.4 GHz",
        "boost_clock_spd":"4.0 GHz",
        "consumption":"180 W",
        "integrated_gpu":"",
        "overclock":true
    },
    {
        "manufacturer":"AMD",
        "model":"AMD Ryzen Threadripper 2920X",
        "socket":"TR4",
        "n_cores":12,
        "base_clock_spd":"3.5 GHz",
        "boost_clock_spd":"4.3 GHz",
        "consumption":"180 W",
        "integrated_gpu":"",
        "overclock":true
    },
    {
        "manufacturer":"AMD",
        "model":"AMD Ryzen Threadripper 2950X",
        "socket":"TR4",
        "n_cores":16,
        "base_clock_spd":"3.5 GHz",
        "boost_clock_spd":"4.4 GHz",
        "consumption":"180 W",
        "integrated_gpu":"",
        "overclock":true
    },
    {
        "manufacturer":"AMD",
        "model":"AMD Ryzen Threadripper 2970WX",
        "socket":"TR4",
        "n_cores":24,
        "base_clock_spd":"3.0 GHz",
        "boost_clock_spd":"4.2 GHz",
        "consumption":"250 W",
        "integrated_gpu":"",
        "overclock":true
    },
    {
        "manufacturer":"AMD",
        "model":"AMD Ryzen Threadripper 2990WX",
        "socket":"TR4",
        "n_cores":32,
        "base_clock_spd":"3.0 GHz",
        "boost_clock_spd":"4.0 GHz",
        "consumption":"250 W",
        "integrated_gpu":"",
        "overclock":true
    },
    {
        "manufacturer":"AMD",
        "model":"AMD Ryzen Threadripper Pro 3955WX",
        "socket":"sWRX80",
        "n_cores":16,
        "base_clock_spd":"3.9 GHz",
        "boost_clock_spd":"4.3 GHz",
        "consumption":"280 W",
        "integrated_gpu":"",
        "overclock":false
    },
    {
        "manufacturer":"AMD",
        "model":"AMD Ryzen Threadripper Pro 3975WX",
        "socket":"sWRX80",
        "n_cores":32,
        "base_clock_spd":"3.5 GHz",
        "boost_clock_spd":"4.2 GHz",
        "consumption":"280 W",
        "integrated_gpu":"",
        "overclock":false
    },
    {
        "manufacturer":"AMD",
        "model":"AMD Ryzen Threadripper Pro 3995WX",
        "socket":"sWRX80",
        "n_cores":64,
        "base_clock_spd":"2.7 GHz",
        "boost_clock_spd":"4.2 GHz",
        "consumption":"280 W",
        "integrated_gpu":"",
        "overclock":false
    },
    {
        "manufacturer":"AMD",
        "model":"AMD Ryzen Threadripper Pro 5955WX",
        "socket":"sWRX8",
        "n_cores":16,
        "base_clock_spd":null,
        "boost_clock_spd":"4.5 GHz",
        "consumption":"280 W",
        "integrated_gpu":"",
        "overclock":false
    },
    {
        "manufacturer":"AMD",
        "model":"AMD Ryzen Threadripper Pro 5965WX",
        "socket":"sWRX8",
        "n_cores":24,
        "base_clock_spd":"3.8 GHz",
        "boost_clock_spd":"4.5 GHz",
        "consumption":"280 W",
        "integrated_gpu":"",
        "overclock":false
    },
    {
        "manufacturer":"AMD",
        "model":"AMD Ryzen Threadripper Pro 5975WX",
        "socket":"sWRX8",
        "n_cores":32,
        "base_clock_spd":"3.6 GHz",
        "boost_clock_spd":"4.5 GHz",
        "consumption":"280 W",
        "integrated_gpu":"",
        "overclock":false
    },
    {
        "manufacturer":"AMD",
        "model":"AMD Ryzen Threadripper Pro 5995WX",
        "socket":"sWRX8",
        "n_cores":64,
        "base_clock_spd":"2.7 GHz",
        "boost_clock_spd":"4.5 GHz",
        "consumption":"280 W",
        "integrated_gpu":"",
        "overclock":false
    },
    {
        "manufacturer":"Intel",
        "model":"Intel Celeron G1840",
        "socket":"1150",
        "n_cores":2,
        "base_clock_spd":"2.8 GHz",
        "boost_clock_spd":" GHz",
        "consumption":"54 W",
        "integrated_gpu":"",
        "overclock":false
    },
    {
        "manufacturer":"Intel",
        "model":"Intel Celeron G6900",
        "socket":"1700",
        "n_cores":2,
        "base_clock_spd":"3.4 GHz",
        "boost_clock_spd":" GHz",
        "consumption":"46 W",
        "integrated_gpu":"",
        "overclock":false
    },
    {
        "manufacturer":"Intel",
        "model":"Intel Core i3-10100",
        "socket":"1200",
        "n_cores":4,
        "base_clock_spd":"3.6 GHz",
        "boost_clock_spd":"4.1 GHz",
        "consumption":"65 W",
        "integrated_gpu":"Intel UHD 630",
        "overclock":false
    },
    {
        "manufacturer":"Intel",
        "model":"Intel Core i3-10100F",
        "socket":"1200",
        "n_cores":4,
        "base_clock_spd":"3.6 GHz",
        "boost_clock_spd":"4.3 GHz",
        "consumption":"125 W",
        "integrated_gpu":"",
        "overclock":false
    },
    {
        "manufacturer":"Intel",
        "model":"Intel Core i3-10105",
        "socket":"1200",
        "n_cores":4,
        "base_clock_spd":"3.7 GHz",
        "boost_clock_spd":" GHz",
        "consumption":"65 W",
        "integrated_gpu":"",
        "overclock":false
    },
    {
        "manufacturer":"Intel",
        "model":"Intel Core i3-10300",
        "socket":"1200",
        "n_cores":4,
        "base_clock_spd":"3.7 GHz",
        "boost_clock_spd":"4.2 GHz",
        "consumption":"65 W",
        "integrated_gpu":"Intel UHD 630",
        "overclock":false
    },
    {
        "manufacturer":"Intel",
        "model":"Intel Core i3-10305",
        "socket":"1200",
        "n_cores":4,
        "base_clock_spd":"3.8 GHz",
        "boost_clock_spd":" GHz",
        "consumption":"65 W",
        "integrated_gpu":"",
        "overclock":false
    },
    {
        "manufacturer":"Intel",
        "model":"Intel Core i3-10320",
        "socket":"1200",
        "n_cores":4,
        "base_clock_spd":"3.8 GHz",
        "boost_clock_spd":"4.4 GHz",
        "consumption":"65 W",
        "integrated_gpu":"Intel UHD 630",
        "overclock":false
    },
    {
        "manufacturer":"Intel",
        "model":"Intel Core i3-13100",
        "socket":"1700",
        "n_cores":4,
        "base_clock_spd":"3.4 GHz",
        "boost_clock_spd":" GHz",
        "consumption":"60 W",
        "integrated_gpu":"",
        "overclock":false
    },
    {
        "manufacturer":"Intel",
        "model":"Intel Core i3-13100F",
        "socket":"1700",
        "n_cores":4,
        "base_clock_spd":"3.4 GHz",
        "boost_clock_spd":" GHz",
        "consumption":"58 W",
        "integrated_gpu":"",
        "overclock":false
    },
    {
        "manufacturer":"Intel",
        "model":"Intel Core i3-4130",
        "socket":"1150",
        "n_cores":2,
        "base_clock_spd":"3.4 GHz",
        "boost_clock_spd":" GHz",
        "consumption":"54 W",
        "integrated_gpu":"Intel HD 4400",
        "overclock":false
    },
    {
        "manufacturer":"Intel",
        "model":"Intel Core i3-4160",
        "socket":"1150",
        "n_cores":2,
        "base_clock_spd":"3.6 GHz",
        "boost_clock_spd":" GHz",
        "consumption":"54 W",
        "integrated_gpu":"Intel HD 4400",
        "overclock":false
    },
    {
        "manufacturer":"Intel",
        "model":"Intel Core i3-4170",
        "socket":"1150",
        "n_cores":2,
        "base_clock_spd":"3.7 GHz",
        "boost_clock_spd":" GHz",
        "consumption":"54 W",
        "integrated_gpu":"",
        "overclock":false
    },
    {
        "manufacturer":"Intel",
        "model":"Intel Core i3-4330",
        "socket":"1150",
        "n_cores":2,
        "base_clock_spd":" GHz",
        "boost_clock_spd":" GHz",
        "consumption":"54 W",
        "integrated_gpu":"Intel HD 4600",
        "overclock":false
    },
    {
        "manufacturer":"Intel",
        "model":"Intel Core i3-6098P",
        "socket":"1151",
        "n_cores":2,
        "base_clock_spd":"3.6 GHz",
        "boost_clock_spd":" GHz",
        "consumption":"54 W",
        "integrated_gpu":"",
        "overclock":false
    },
    {
        "manufacturer":"Intel",
        "model":"Intel Core i3-6100",
        "socket":"1151",
        "n_cores":2,
        "base_clock_spd":"3.7 GHz",
        "boost_clock_spd":" GHz",
        "consumption":"47 W",
        "integrated_gpu":"Intel HD 530",
        "overclock":false
    },
    {
        "manufacturer":"Intel",
        "model":"Intel Core i3-6100T",
        "socket":"1151",
        "n_cores":2,
        "base_clock_spd":"3.2 GHz",
        "boost_clock_spd":" GHz",
        "consumption":"35 W",
        "integrated_gpu":"",
        "overclock":false
    },
    {
        "manufacturer":"Intel",
        "model":"Intel Core i3-6300",
        "socket":"1151",
        "n_cores":2,
        "base_clock_spd":"3.8 GHz",
        "boost_clock_spd":" GHz",
        "consumption":"47 W",
        "integrated_gpu":"Intel HD 530",
        "overclock":false
    },
    {
        "manufacturer":"Intel",
        "model":"Intel Core i3-6300T",
        "socket":"1151",
        "n_cores":2,
        "base_clock_spd":"3.3 GHz",
        "boost_clock_spd":" GHz",
        "consumption":"35 W",
        "integrated_gpu":"",
        "overclock":false
    },
    {
        "manufacturer":"Intel",
        "model":"Intel Core i3-6320",
        "socket":"1151",
        "n_cores":2,
        "base_clock_spd":"3.9 GHz",
        "boost_clock_spd":" GHz",
        "consumption":"47 W",
        "integrated_gpu":"Intel HD 530",
        "overclock":false
    },
    {
        "manufacturer":"Intel",
        "model":"Intel Core i3-7100",
        "socket":"1151",
        "n_cores":2,
        "base_clock_spd":"3.9 GHz",
        "boost_clock_spd":" GHz",
        "consumption":"51 W",
        "integrated_gpu":"Intel HD 630",
        "overclock":false
    },
    {
        "manufacturer":"Intel",
        "model":"Intel Core i3-7100T",
        "socket":"1151",
        "n_cores":2,
        "base_clock_spd":"3.4 GHz",
        "boost_clock_spd":" GHz",
        "consumption":"35 W",
        "integrated_gpu":"",
        "overclock":false
    },
    {
        "manufacturer":"Intel",
        "model":"Intel Core i3-7300",
        "socket":"1151",
        "n_cores":2,
        "base_clock_spd":"4.0 GHz",
        "boost_clock_spd":" GHz",
        "consumption":"51 W",
        "integrated_gpu":"Intel HD 630",
        "overclock":false
    },
    {
        "manufacturer":"Intel",
        "model":"Intel Core i3-7300T",
        "socket":"1151",
        "n_cores":2,
        "base_clock_spd":"3.5 GHz",
        "boost_clock_spd":" GHz",
        "consumption":"35 W",
        "integrated_gpu":"",
        "overclock":false
    },
    {
        "manufacturer":"Intel",
        "model":"Intel Core i3-7320",
        "socket":"1151",
        "n_cores":2,
        "base_clock_spd":"4.1 GHz",
        "boost_clock_spd":" GHz",
        "consumption":"51 W",
        "integrated_gpu":"",
        "overclock":false
    },
    {
        "manufacturer":"Intel",
        "model":"Intel Core i3-7350K",
        "socket":"1151",
        "n_cores":2,
        "base_clock_spd":"4.2 GHz",
        "boost_clock_spd":" GHz",
        "consumption":"60 W",
        "integrated_gpu":"Intel HD 630",
        "overclock":true
    },
    {
        "manufacturer":"Intel",
        "model":"Intel Core i3-8100",
        "socket":"1151",
        "n_cores":4,
        "base_clock_spd":"3.6 GHz",
        "boost_clock_spd":" GHz",
        "consumption":"65 W",
        "integrated_gpu":"Intel UHD 630",
        "overclock":false
    },
    {
        "manufacturer":"Intel",
        "model":"Intel Core i3-8300",
        "socket":"1151",
        "n_cores":4,
        "base_clock_spd":"3.7 GHz",
        "boost_clock_spd":" GHz",
        "consumption":"62 W",
        "integrated_gpu":"",
        "overclock":false
    },
    {
        "manufacturer":"Intel",
        "model":"Intel Core i3-8350K",
        "socket":"1151",
        "n_cores":4,
        "base_clock_spd":"4.0 GHz",
        "boost_clock_spd":" GHz",
        "consumption":"91 W",
        "integrated_gpu":"Intel UHD 630",
        "overclock":true
    },
    {
        "manufacturer":"Intel",
        "model":"Intel Core i3-9100",
        "socket":"1151",
        "n_cores":4,
        "base_clock_spd":"3.6 GHz",
        "boost_clock_spd":"4.2 GHz",
        "consumption":"65 W",
        "integrated_gpu":"Intel UHD 630",
        "overclock":false
    },
    {
        "manufacturer":"Intel",
        "model":"Intel Core i3-9100F",
        "socket":"1151",
        "n_cores":4,
        "base_clock_spd":"3.6 GHz",
        "boost_clock_spd":"4.2 GHz",
        "consumption":"65 W",
        "integrated_gpu":"",
        "overclock":false
    },
    {
        "manufacturer":"Intel",
        "model":"Intel Core i3-9300",
        "socket":"1151",
        "n_cores":4,
        "base_clock_spd":"3.7 GHz",
        "boost_clock_spd":"4.3 GHz",
        "consumption":"65 W",
        "integrated_gpu":"Intel UHD 630",
        "overclock":false
    },
    {
        "manufacturer":"Intel",
        "model":"Intel Core i3-9320",
        "socket":"1151",
        "n_cores":4,
        "base_clock_spd":"3.7 GHz",
        "boost_clock_spd":"4.4 GHz",
        "consumption":"65 W",
        "integrated_gpu":"Intel UHD 630",
        "overclock":false
    },
    {
        "manufacturer":"Intel",
        "model":"Intel Core i3-9350KF",
        "socket":"1151",
        "n_cores":4,
        "base_clock_spd":"4.0 GHz",
        "boost_clock_spd":"4.6 GHz",
        "consumption":"91 W",
        "integrated_gpu":"",
        "overclock":true
    },
    {
        "manufacturer":"Intel",
        "model":"Intel Core i5-10400",
        "socket":"1200",
        "n_cores":6,
        "base_clock_spd":"2.9 GHz",
        "boost_clock_spd":"4.0 GHz",
        "consumption":"65 W",
        "integrated_gpu":"Intel UHD 630",
        "overclock":false
    },
    {
        "manufacturer":"Intel",
        "model":"Intel Core i5-10400F",
        "socket":"1200",
        "n_cores":6,
        "base_clock_spd":"2.9 GHz",
        "boost_clock_spd":"4.0 GHz",
        "consumption":"65 W",
        "integrated_gpu":"",
        "overclock":false
    },
    {
        "manufacturer":"Intel",
        "model":"Intel Core i5-10500",
        "socket":"1200",
        "n_cores":6,
        "base_clock_spd":"3.1 GHz",
        "boost_clock_spd":" GHz",
        "consumption":"65 W",
        "integrated_gpu":"",
        "overclock":false
    },
    {
        "manufacturer":"Intel",
        "model":"Intel Core i5-10600",
        "socket":"1200",
        "n_cores":6,
        "base_clock_spd":"3.3 GHz",
        "boost_clock_spd":" GHz",
        "consumption":"65 W",
        "integrated_gpu":"",
        "overclock":false
    },
    {
        "manufacturer":"Intel",
        "model":"Intel Core i5-10600K",
        "socket":"1200",
        "n_cores":6,
        "base_clock_spd":"4.1 GHz",
        "boost_clock_spd":"4.8 GHz",
        "consumption":"125 W",
        "integrated_gpu":"Intel UHD 630",
        "overclock":true
    },
    {
        "manufacturer":"Intel",
        "model":"Intel Core i5-10600KF",
        "socket":"1200",
        "n_cores":6,
        "base_clock_spd":"4.1 GHz",
        "boost_clock_spd":"4.8 GHz",
        "consumption":"125 W",
        "integrated_gpu":"",
        "overclock":true
    },
    {
        "manufacturer":"Intel",
        "model":"Intel Core i5-11400",
        "socket":"1200",
        "n_cores":6,
        "base_clock_spd":"2.6 GHz",
        "boost_clock_spd":" GHz",
        "consumption":"65 W",
        "integrated_gpu":"Intel UHD 730",
        "overclock":false
    },
    {
        "manufacturer":"Intel",
        "model":"Intel Core i5-11400F",
        "socket":"1200",
        "n_cores":6,
        "base_clock_spd":"2.6 GHz",
        "boost_clock_spd":" GHz",
        "consumption":"65 W",
        "integrated_gpu":"",
        "overclock":false
    },
    {
        "manufacturer":"Intel",
        "model":"Intel Core i5-11500",
        "socket":"1200",
        "n_cores":6,
        "base_clock_spd":"2.7 GHz",
        "boost_clock_spd":" GHz",
        "consumption":"65 W",
        "integrated_gpu":"Intel UHD 750",
        "overclock":false
    },
    {
        "manufacturer":"Intel",
        "model":"Intel Core i5-11600",
        "socket":"1200",
        "n_cores":6,
        "base_clock_spd":"2.8 GHz",
        "boost_clock_spd":" GHz",
        "consumption":"65 W",
        "integrated_gpu":"Intel UHD 750",
        "overclock":false
    },
    {
        "manufacturer":"Intel",
        "model":"Intel Core i5-11600K",
        "socket":"1200",
        "n_cores":6,
        "base_clock_spd":"3.9 GHz",
        "boost_clock_spd":" GHz",
        "consumption":"125 W",
        "integrated_gpu":"Intel UHD 750",
        "overclock":true
    },
    {
        "manufacturer":"Intel",
        "model":"Intel Core i5-11600KF",
        "socket":"1200",
        "n_cores":6,
        "base_clock_spd":"3.9 GHz",
        "boost_clock_spd":" GHz",
        "consumption":"125 W",
        "integrated_gpu":"",
        "overclock":true
    },
    {
        "manufacturer":"Intel",
        "model":"Intel Core i5-13500",
        "socket":"1700",
        "n_cores":6,
        "base_clock_spd":"2.5 GHz",
        "boost_clock_spd":" GHz",
        "consumption":"65 W",
        "integrated_gpu":"",
        "overclock":false
    },
    {
        "manufacturer":"Intel",
        "model":"Intel Core i5-2500K",
        "socket":"1155",
        "n_cores":4,
        "base_clock_spd":"3.3 GHz",
        "boost_clock_spd":"3.7 GHz",
        "consumption":"95 W",
        "integrated_gpu":"Intel HD 3000",
        "overclock":true
    },
    {
        "manufacturer":"Intel",
        "model":"Intel Core i5-3570K",
        "socket":"1155",
        "n_cores":4,
        "base_clock_spd":"3.4 GHz",
        "boost_clock_spd":"3.8 GHz",
        "consumption":"77 W",
        "integrated_gpu":"Intel HD 4000",
        "overclock":true
    },
    {
        "manufacturer":"Intel",
        "model":"Intel Core i5-4440",
        "socket":"1150",
        "n_cores":4,
        "base_clock_spd":" GHz",
        "boost_clock_spd":" GHz",
        "consumption":"84 W",
        "integrated_gpu":"Intel HD 4600",
        "overclock":false
    },
    {
        "manufacturer":"Intel",
        "model":"Intel Core i5-4460",
        "socket":"1150",
        "n_cores":4,
        "base_clock_spd":"3.2 GHz",
        "boost_clock_spd":"3.4 GHz",
        "consumption":"84 W",
        "integrated_gpu":"Intel HD 4600",
        "overclock":false
    },
    {
        "manufacturer":"Intel",
        "model":"Intel Core i5-4590",
        "socket":"1150",
        "n_cores":4,
        "base_clock_spd":"3.3 GHz",
        "boost_clock_spd":"3.7 GHz",
        "consumption":"84 W",
        "integrated_gpu":"Intel HD 4600",
        "overclock":false
    },
    {
        "manufacturer":"Intel",
        "model":"Intel Core i5-4670K",
        "socket":"1150",
        "n_cores":4,
        "base_clock_spd":"3.4 GHz",
        "boost_clock_spd":"3.8 GHz",
        "consumption":"84 W",
        "integrated_gpu":"Intel HD 4600",
        "overclock":true
    },
    {
        "manufacturer":"Intel",
        "model":"Intel Core i5-4690",
        "socket":"1150",
        "n_cores":4,
        "base_clock_spd":"3.5 GHz",
        "boost_clock_spd":"3.9 GHz",
        "consumption":"84 W",
        "integrated_gpu":"Intel HD 4600",
        "overclock":false
    },
    {
        "manufacturer":"Intel",
        "model":"Intel Core i5-4690K",
        "socket":"1150",
        "n_cores":4,
        "base_clock_spd":"3.5 GHz",
        "boost_clock_spd":"3.9 GHz",
        "consumption":"88 W",
        "integrated_gpu":"Intel HD 4600",
        "overclock":true
    },
    {
        "manufacturer":"Intel",
        "model":"Intel Core i5-5675C",
        "socket":"1150",
        "n_cores":4,
        "base_clock_spd":"3.1 GHz",
        "boost_clock_spd":"3.6 GHz",
        "consumption":"65 W",
        "integrated_gpu":"Intel Iris Pro 6200",
        "overclock":true
    },
    {
        "manufacturer":"Intel",
        "model":"Intel Core i5-6400",
        "socket":"1151",
        "n_cores":4,
        "base_clock_spd":"2.7 GHz",
        "boost_clock_spd":"3.3 GHz",
        "consumption":"65 W",
        "integrated_gpu":"Intel HD 530",
        "overclock":false
    },
    {
        "manufacturer":"Intel",
        "model":"Intel Core i5-6402P",
        "socket":"1151",
        "n_cores":4,
        "base_clock_spd":" GHz",
        "boost_clock_spd":" GHz",
        "consumption":"65 W",
        "integrated_gpu":"",
        "overclock":false
    },
    {
        "manufacturer":"Intel",
        "model":"Intel Core i5-6500",
        "socket":"1151",
        "n_cores":4,
        "base_clock_spd":"3.2 GHz",
        "boost_clock_spd":"3.6 GHz",
        "consumption":"65 W",
        "integrated_gpu":"Intel HD 530",
        "overclock":false
    },
    {
        "manufacturer":"Intel",
        "model":"Intel Core i5-6600",
        "socket":"1151",
        "n_cores":4,
        "base_clock_spd":"3.3 GHz",
        "boost_clock_spd":"3.9 GHz",
        "consumption":"65 W",
        "integrated_gpu":"Intel HD 530",
        "overclock":false
    },
    {
        "manufacturer":"Intel",
        "model":"Intel Core i5-6600K",
        "socket":"1151",
        "n_cores":4,
        "base_clock_spd":"3.5 GHz",
        "boost_clock_spd":"3.9 GHz",
        "consumption":"91 W",
        "integrated_gpu":"Intel HD 530",
        "overclock":true
    },
    {
        "manufacturer":"Intel",
        "model":"Intel Core i5-7400",
        "socket":"1151",
        "n_cores":4,
        "base_clock_spd":"3.0 GHz",
        "boost_clock_spd":"3.5 GHz",
        "consumption":"65 W",
        "integrated_gpu":"Intel HD 630",
        "overclock":false
    },
    {
        "manufacturer":"Intel",
        "model":"Intel Core i5-7500",
        "socket":"1151",
        "n_cores":4,
        "base_clock_spd":"3.4 GHz",
        "boost_clock_spd":"3.8 GHz",
        "consumption":"65 W",
        "integrated_gpu":"Intel HD 630",
        "overclock":false
    },
    {
        "manufacturer":"Intel",
        "model":"Intel Core i5-7600",
        "socket":"1151",
        "n_cores":4,
        "base_clock_spd":"3.5 GHz",
        "boost_clock_spd":"4.1 GHz",
        "consumption":"65 W",
        "integrated_gpu":"Intel HD 630",
        "overclock":false
    },
    {
        "manufacturer":"Intel",
        "model":"Intel Core i5-7600K",
        "socket":"1151",
        "n_cores":4,
        "base_clock_spd":"3.8 GHz",
        "boost_clock_spd":"4.2 GHz",
        "consumption":"91 W",
        "integrated_gpu":"Intel HD 630",
        "overclock":true
    },
    {
        "manufacturer":"Intel",
        "model":"Intel Core i5-7640X",
        "socket":"2066",
        "n_cores":4,
        "base_clock_spd":"4.0 GHz",
        "boost_clock_spd":"4.2 GHz",
        "consumption":"112 W",
        "integrated_gpu":"",
        "overclock":true
    },
    {
        "manufacturer":"Intel",
        "model":"Intel Core i5-8400",
        "socket":"1151",
        "n_cores":6,
        "base_clock_spd":"2.8 GHz",
        "boost_clock_spd":"4.0 GHz",
        "consumption":"65 W",
        "integrated_gpu":"Intel UHD 630",
        "overclock":false
    },
    {
        "manufacturer":"Intel",
        "model":"Intel Core i5-8500",
        "socket":"1151",
        "n_cores":6,
        "base_clock_spd":"3.0 GHz",
        "boost_clock_spd":"4.1 GHz",
        "consumption":"65 W",
        "integrated_gpu":"Intel UHD 630",
        "overclock":false
    },
    {
        "manufacturer":"Intel",
        "model":"Intel Core i5-8600",
        "socket":"1151",
        "n_cores":6,
        "base_clock_spd":"3.1 GHz",
        "boost_clock_spd":"4.3 GHz",
        "consumption":"65 W",
        "integrated_gpu":"Intel UHD 630",
        "overclock":false
    },
    {
        "manufacturer":"Intel",
        "model":"Intel Core i5-8600K",
        "socket":"1151",
        "n_cores":6,
        "base_clock_spd":"3.6 GHz",
        "boost_clock_spd":"4.3 GHz",
        "consumption":"95 W",
        "integrated_gpu":"Intel UHD 630",
        "overclock":true
    },
    {
        "manufacturer":"Intel",
        "model":"Intel Core i5-9400",
        "socket":"1151",
        "n_cores":6,
        "base_clock_spd":"2.9 GHz",
        "boost_clock_spd":"4.1 GHz",
        "consumption":"65 W",
        "integrated_gpu":"Intel UHD 630",
        "overclock":false
    },
    {
        "manufacturer":"Intel",
        "model":"Intel Core i5-9400F",
        "socket":"1151",
        "n_cores":6,
        "base_clock_spd":"2.9 GHz",
        "boost_clock_spd":"4.1 GHz",
        "consumption":"65 W",
        "integrated_gpu":"",
        "overclock":false
    },
    {
        "manufacturer":"Intel",
        "model":"Intel Core i5-9500",
        "socket":"1151",
        "n_cores":6,
        "base_clock_spd":"3.0 GHz",
        "boost_clock_spd":"4.4 GHz",
        "consumption":"65 W",
        "integrated_gpu":"Intel UHD 630",
        "overclock":false
    },
    {
        "manufacturer":"Intel",
        "model":"Intel Core i5-9600",
        "socket":"1151",
        "n_cores":6,
        "base_clock_spd":"3.1 GHz",
        "boost_clock_spd":"4.6 GHz",
        "consumption":"65 W",
        "integrated_gpu":"Intel UHD 630",
        "overclock":false
    },
    {
        "manufacturer":"Intel",
        "model":"Intel Core i5-9600K",
        "socket":"1151",
        "n_cores":6,
        "base_clock_spd":"3.7 GHz",
        "boost_clock_spd":" GHz",
        "consumption":"95 W",
        "integrated_gpu":"Intel UHD 630",
        "overclock":true
    },
    {
        "manufacturer":"Intel",
        "model":"Intel Core i5-9600KF",
        "socket":"1151",
        "n_cores":6,
        "base_clock_spd":"3.7 GHz",
        "boost_clock_spd":"4.6 GHz",
        "consumption":"95 W",
        "integrated_gpu":"",
        "overclock":true
    },
    {
        "manufacturer":"Intel",
        "model":"Intel Core i7-10700",
        "socket":"1200",
        "n_cores":8,
        "base_clock_spd":"2.9 GHz",
        "boost_clock_spd":" GHz",
        "consumption":"65 W",
        "integrated_gpu":"",
        "overclock":false
    },
    {
        "manufacturer":"Intel",
        "model":"Intel Core i7-10700F",
        "socket":"1200",
        "n_cores":8,
        "base_clock_spd":"2.9 GHz",
        "boost_clock_spd":" GHz",
        "consumption":"65 W",
        "integrated_gpu":"",
        "overclock":true
    },
    {
        "manufacturer":"Intel",
        "model":"Intel Core i7-10700K",
        "socket":"1200",
        "n_cores":8,
        "base_clock_spd":"3.8 GHz",
        "boost_clock_spd":"5.1 GHz",
        "consumption":"125 W",
        "integrated_gpu":"Intel UHD 630",
        "overclock":true
    },
    {
        "manufacturer":"Intel",
        "model":"Intel Core i7-10700KF",
        "socket":"1200",
        "n_cores":8,
        "base_clock_spd":"3.8 GHz",
        "boost_clock_spd":"5.1 GHz",
        "consumption":"125 W",
        "integrated_gpu":"",
        "overclock":true
    },
    {
        "manufacturer":"Intel",
        "model":"Intel Core i7-11700",
        "socket":"1200",
        "n_cores":8,
        "base_clock_spd":"2.5 GHz",
        "boost_clock_spd":" GHz",
        "consumption":"65 W",
        "integrated_gpu":"Intel UHD 750",
        "overclock":false
    },
    {
        "manufacturer":"Intel",
        "model":"Intel Core i7-11700K",
        "socket":"1200",
        "n_cores":8,
        "base_clock_spd":"3.6 GHz",
        "boost_clock_spd":" GHz",
        "consumption":"125 W",
        "integrated_gpu":"Intel UHD 750",
        "overclock":true
    },
    {
        "manufacturer":"Intel",
        "model":"Intel Core i7-11700KF",
        "socket":"1200",
        "n_cores":8,
        "base_clock_spd":"3.6 GHz",
        "boost_clock_spd":" GHz",
        "consumption":"125 W",
        "integrated_gpu":"",
        "overclock":true
    },
    {
        "manufacturer":"Intel",
        "model":"Intel Core i7-12700F",
        "socket":"1700",
        "n_cores":8,
        "base_clock_spd":"2.1 GHz",
        "boost_clock_spd":"4.9 GHz",
        "consumption":"65 W",
        "integrated_gpu":"",
        "overclock":false
    },
    {
        "manufacturer":"Intel",
        "model":"Intel Core i7-12700KF",
        "socket":"1700",
        "n_cores":8,
        "base_clock_spd":"3.6 GHz",
        "boost_clock_spd":"5.0 GHz",
        "consumption":"125 W",
        "integrated_gpu":"",
        "overclock":true
    },
    {
        "manufacturer":"Intel",
        "model":"Intel Core i7-2600K",
        "socket":"1155",
        "n_cores":4,
        "base_clock_spd":"3.4 GHz",
        "boost_clock_spd":"3.8 GHz",
        "consumption":"95 W",
        "integrated_gpu":"Intel HD 3000",
        "overclock":true
    },
    {
        "manufacturer":"Intel",
        "model":"Intel Core i7-3770K",
        "socket":"1155",
        "n_cores":4,
        "base_clock_spd":"3.5 GHz",
        "boost_clock_spd":"3.9 GHz",
        "consumption":"77 W",
        "integrated_gpu":"Intel HD 4000",
        "overclock":true
    },
    {
        "manufacturer":"Intel",
        "model":"Intel Core i7-4770K",
        "socket":"1150",
        "n_cores":4,
        "base_clock_spd":"3.5 GHz",
        "boost_clock_spd":"3.9 GHz",
        "consumption":"84 W",
        "integrated_gpu":"Intel HD 4600",
        "overclock":true
    },
    {
        "manufacturer":"Intel",
        "model":"Intel Core i7-4790",
        "socket":"1150",
        "n_cores":4,
        "base_clock_spd":"3.6 GHz",
        "boost_clock_spd":"4.0 GHz",
        "consumption":"84 W",
        "integrated_gpu":"Intel HD 4600",
        "overclock":false
    },
    {
        "manufacturer":"Intel",
        "model":"Intel Core i7-4790K",
        "socket":"1150",
        "n_cores":4,
        "base_clock_spd":"4.0 GHz",
        "boost_clock_spd":"4.4 GHz",
        "consumption":"88 W",
        "integrated_gpu":"Intel HD 4600",
        "overclock":true
    },
    {
        "manufacturer":"Intel",
        "model":"Intel Core i7-4790K",
        "socket":"1150",
        "n_cores":4,
        "base_clock_spd":"4.0 GHz",
        "boost_clock_spd":"4.4 GHz",
        "consumption":"88 W",
        "integrated_gpu":"Intel HD 4600",
        "overclock":true
    },
    {
        "manufacturer":"Intel",
        "model":"Intel Core i7-5775C",
        "socket":"1150",
        "n_cores":4,
        "base_clock_spd":"3.3 GHz",
        "boost_clock_spd":"3.7 GHz",
        "consumption":"65 W",
        "integrated_gpu":"Intel Iris Pro 6200",
        "overclock":true
    },
    {
        "manufacturer":"Intel",
        "model":"Intel Core i7-5820K",
        "socket":"2011-V3",
        "n_cores":6,
        "base_clock_spd":"3.3 GHz",
        "boost_clock_spd":"3.6 GHz",
        "consumption":"140 W",
        "integrated_gpu":"",
        "overclock":true
    },
    {
        "manufacturer":"Intel",
        "model":"Intel Core i7-5930K",
        "socket":"2011-V3",
        "n_cores":6,
        "base_clock_spd":"3.5 GHz",
        "boost_clock_spd":"3.7 GHz",
        "consumption":"140 W",
        "integrated_gpu":"",
        "overclock":true
    },
    {
        "manufacturer":"Intel",
        "model":"Intel Core i7-5960X",
        "socket":"2011-V3",
        "n_cores":8,
        "base_clock_spd":"3.0 GHz",
        "boost_clock_spd":"3.5 GHz",
        "consumption":"140 W",
        "integrated_gpu":"",
        "overclock":true
    },
    {
        "manufacturer":"Intel",
        "model":"Intel Core i7-6700",
        "socket":"1151",
        "n_cores":4,
        "base_clock_spd":"3.4 GHz",
        "boost_clock_spd":"4.0 GHz",
        "consumption":"65 W",
        "integrated_gpu":"Intel HD 530",
        "overclock":false
    },
    {
        "manufacturer":"Intel",
        "model":"Intel Core i7-6700K",
        "socket":"1151",
        "n_cores":4,
        "base_clock_spd":"4.0 GHz",
        "boost_clock_spd":"4.2 GHz",
        "consumption":"91 W",
        "integrated_gpu":"Intel HD 530",
        "overclock":true
    },
    {
        "manufacturer":"Intel",
        "model":"Intel Core i7-6800K",
        "socket":"2011-V3",
        "n_cores":6,
        "base_clock_spd":"3.4 GHz",
        "boost_clock_spd":"3.6 GHz",
        "consumption":"140 W",
        "integrated_gpu":"",
        "overclock":true
    },
    {
        "manufacturer":"Intel",
        "model":"Intel Core i7-6850K",
        "socket":"2011-V3",
        "n_cores":6,
        "base_clock_spd":"3.6 GHz",
        "boost_clock_spd":"3.8 GHz",
        "consumption":"140 W",
        "integrated_gpu":"",
        "overclock":true
    },
    {
        "manufacturer":"Intel",
        "model":"Intel Core i7-6900K",
        "socket":"2011-V3",
        "n_cores":8,
        "base_clock_spd":"3.2 GHz",
        "boost_clock_spd":"3.7 GHz",
        "consumption":"140 W",
        "integrated_gpu":"",
        "overclock":true
    },
    {
        "manufacturer":"Intel",
        "model":"Intel Core i7-6950X",
        "socket":"2011-V3",
        "n_cores":10,
        "base_clock_spd":"3.0 GHz",
        "boost_clock_spd":"3.5 GHz",
        "consumption":"140 W",
        "integrated_gpu":"",
        "overclock":true
    },
    {
        "manufacturer":"Intel",
        "model":"Intel Core i7-7700",
        "socket":"1151",
        "n_cores":4,
        "base_clock_spd":"3.6 GHz",
        "boost_clock_spd":"4.2 GHz",
        "consumption":"65 W",
        "integrated_gpu":"Intel HD 630",
        "overclock":false
    },
    {
        "manufacturer":"Intel",
        "model":"Intel Core i7-7700K",
        "socket":"1151",
        "n_cores":4,
        "base_clock_spd":"4.2 GHz",
        "boost_clock_spd":"4.5 GHz",
        "consumption":"91 W",
        "integrated_gpu":"Intel HD 630",
        "overclock":true
    },
    {
        "manufacturer":"Intel",
        "model":"Intel Core i7-7740X",
        "socket":"2066",
        "n_cores":4,
        "base_clock_spd":"4.3 GHz",
        "boost_clock_spd":"4.5 GHz",
        "consumption":"112 W",
        "integrated_gpu":"",
        "overclock":true
    },
    {
        "manufacturer":"Intel",
        "model":"Intel Core i7-7800X",
        "socket":"2066",
        "n_cores":6,
        "base_clock_spd":"3.5 GHz",
        "boost_clock_spd":" GHz",
        "consumption":"140 W",
        "integrated_gpu":"",
        "overclock":true
    },
    {
        "manufacturer":"Intel",
        "model":"Intel Core i7-7820X",
        "socket":"2066",
        "n_cores":8,
        "base_clock_spd":"3.6 GHz",
        "boost_clock_spd":"4.5 GHz",
        "consumption":"140 W",
        "integrated_gpu":"",
        "overclock":true
    },
    {
        "manufacturer":"Intel",
        "model":"Intel Core i7-8086K",
        "socket":"1151",
        "n_cores":6,
        "base_clock_spd":"4.0 GHz",
        "boost_clock_spd":"5.0 GHz",
        "consumption":"95 W",
        "integrated_gpu":"",
        "overclock":true
    },
    {
        "manufacturer":"Intel",
        "model":"Intel Core i7-8700",
        "socket":"1151",
        "n_cores":6,
        "base_clock_spd":"3.2 GHz",
        "boost_clock_spd":"4.6 GHz",
        "consumption":"65 W",
        "integrated_gpu":"Intel UHD 630",
        "overclock":false
    },
    {
        "manufacturer":"Intel",
        "model":"Intel Core i7-8700K",
        "socket":"1151",
        "n_cores":6,
        "base_clock_spd":"3.7 GHz",
        "boost_clock_spd":"4.7 GHz",
        "consumption":"95 W",
        "integrated_gpu":"Intel UHD 630",
        "overclock":true
    },
    {
        "manufacturer":"Intel",
        "model":"Intel Core i7-9700K",
        "socket":"1151",
        "n_cores":8,
        "base_clock_spd":"3.6 GHz",
        "boost_clock_spd":"4.9 GHz",
        "consumption":"125 W",
        "integrated_gpu":"Intel UHD 630",
        "overclock":true
    },
    {
        "manufacturer":"Intel",
        "model":"Intel Core i7-9700KF",
        "socket":"1151",
        "n_cores":8,
        "base_clock_spd":"3.6 GHz",
        "boost_clock_spd":"4.9 GHz",
        "consumption":"95 W",
        "integrated_gpu":"",
        "overclock":true
    },
    {
        "manufacturer":"Intel",
        "model":"Intel Core i9-10850K",
        "socket":"1200",
        "n_cores":10,
        "base_clock_spd":"3.6 GHz",
        "boost_clock_spd":"5.2 GHz",
        "consumption":"125 W",
        "integrated_gpu":"Intel UHD 630",
        "overclock":true
    },
    {
        "manufacturer":"Intel",
        "model":"Intel Core i9-10900",
        "socket":"1200",
        "n_cores":10,
        "base_clock_spd":"2.8 GHz",
        "boost_clock_spd":" GHz",
        "consumption":"65 W",
        "integrated_gpu":"",
        "overclock":false
    },
    {
        "manufacturer":"Intel",
        "model":"Intel Core i9-10900F",
        "socket":"1200",
        "n_cores":10,
        "base_clock_spd":"2.8 GHz",
        "boost_clock_spd":" GHz",
        "consumption":"65 W",
        "integrated_gpu":"",
        "overclock":false
    },
    {
        "manufacturer":"Intel",
        "model":"Intel Core i9-10900K",
        "socket":"1200",
        "n_cores":10,
        "base_clock_spd":"3.7 GHz",
        "boost_clock_spd":"5.3 GHz",
        "consumption":"125 W",
        "integrated_gpu":"Intel UHD 630",
        "overclock":true
    },
    {
        "manufacturer":"Intel",
        "model":"Intel Core i9-10900KF",
        "socket":"1200",
        "n_cores":10,
        "base_clock_spd":"3.7 GHz",
        "boost_clock_spd":"5.3 GHz",
        "consumption":"125 W",
        "integrated_gpu":"",
        "overclock":true
    },
    {
        "manufacturer":"Intel",
        "model":"Intel Core i9-10900X",
        "socket":"2066",
        "n_cores":10,
        "base_clock_spd":"3.7 GHz",
        "boost_clock_spd":"4.5 GHz",
        "consumption":"165 W",
        "integrated_gpu":"",
        "overclock":true
    },
    {
        "manufacturer":"Intel",
        "model":"Intel Core i9-10920X",
        "socket":"2066",
        "n_cores":12,
        "base_clock_spd":"3.5 GHz",
        "boost_clock_spd":"4.6 GHz",
        "consumption":"165 W",
        "integrated_gpu":"",
        "overclock":true
    },
    {
        "manufacturer":"Intel",
        "model":"Intel Core i9-10940X",
        "socket":"2066",
        "n_cores":14,
        "base_clock_spd":"3.3 GHz",
        "boost_clock_spd":"4.6 GHz",
        "consumption":"165 W",
        "integrated_gpu":"",
        "overclock":true
    },
    {
        "manufacturer":"Intel",
        "model":"Intel Core i9-10980XE",
        "socket":"2066",
        "n_cores":18,
        "base_clock_spd":"3.0 GHz",
        "boost_clock_spd":"4.8 GHz",
        "consumption":"165 W",
        "integrated_gpu":"",
        "overclock":true
    },
    {
        "manufacturer":"Intel",
        "model":"Intel Core i9-11900",
        "socket":"1200",
        "n_cores":8,
        "base_clock_spd":"2.5 GHz",
        "boost_clock_spd":" GHz",
        "consumption":"65 W",
        "integrated_gpu":"Intel UHD 750",
        "overclock":false
    },
    {
        "manufacturer":"Intel",
        "model":"Intel Core i9-11900F",
        "socket":"1200",
        "n_cores":8,
        "base_clock_spd":"2.5 GHz",
        "boost_clock_spd":" GHz",
        "consumption":"65 W",
        "integrated_gpu":"",
        "overclock":false
    },
    {
        "manufacturer":"Intel",
        "model":"Intel Core i9-11900K",
        "socket":"1200",
        "n_cores":8,
        "base_clock_spd":"3.5 GHz",
        "boost_clock_spd":"5.2 GHz",
        "consumption":"125 W",
        "integrated_gpu":"Intel UHD 750",
        "overclock":true
    },
    {
        "manufacturer":"Intel",
        "model":"Intel Core i9-11900KF",
        "socket":"1200",
        "n_cores":8,
        "base_clock_spd":"3.5 GHz",
        "boost_clock_spd":" GHz",
        "consumption":"125 W",
        "integrated_gpu":"",
        "overclock":true
    },
    {
        "manufacturer":"Intel",
        "model":"Intel Core i9-12900F",
        "socket":"1700",
        "n_cores":8,
        "base_clock_spd":"2.4 GHz",
        "boost_clock_spd":"5.1 GHz",
        "consumption":"65 W",
        "integrated_gpu":"",
        "overclock":false
    },
    {
        "manufacturer":"Intel",
        "model":"Intel Core i9-12900KS",
        "socket":"1700",
        "n_cores":8,
        "base_clock_spd":"3.4 GHz",
        "boost_clock_spd":"5.5 GHz",
        "consumption":"150 W",
        "integrated_gpu":"Intel UHD 770",
        "overclock":true
    },
    {
        "manufacturer":"Intel",
        "model":"Intel Core i9-7900X",
        "socket":"2066",
        "n_cores":10,
        "base_clock_spd":"3.3 GHz",
        "boost_clock_spd":"4.5 GHz",
        "consumption":"140 W",
        "integrated_gpu":"",
        "overclock":true
    },
    {
        "manufacturer":"Intel",
        "model":"Intel Core i9-7920X",
        "socket":"2066",
        "n_cores":12,
        "base_clock_spd":"2.9 GHz",
        "boost_clock_spd":"4.4 GHz",
        "consumption":"140 W",
        "integrated_gpu":"",
        "overclock":true
    },
    {
        "manufacturer":"Intel",
        "model":"Intel Core i9-7940X",
        "socket":"2066",
        "n_cores":14,
        "base_clock_spd":"3.1 GHz",
        "boost_clock_spd":"4.4 GHz",
        "consumption":"165 W",
        "integrated_gpu":"",
        "overclock":true
    },
    {
        "manufacturer":"Intel",
        "model":"Intel Core i9-7960X",
        "socket":"2066",
        "n_cores":16,
        "base_clock_spd":"2.8 GHz",
        "boost_clock_spd":"4.4 GHz",
        "consumption":"165 W",
        "integrated_gpu":"",
        "overclock":true
    },
    {
        "manufacturer":"Intel",
        "model":"Intel Core i9-7980XE",
        "socket":"2066",
        "n_cores":18,
        "base_clock_spd":"2.6 GHz",
        "boost_clock_spd":"4.4 GHz",
        "consumption":"165 W",
        "integrated_gpu":"",
        "overclock":true
    },
    {
        "manufacturer":"Intel",
        "model":"Intel Core i9-9900K",
        "socket":"1151",
        "n_cores":8,
        "base_clock_spd":"3.6 GHz",
        "boost_clock_spd":"5.0 GHz",
        "consumption":"160 W",
        "integrated_gpu":"Intel UHD 630",
        "overclock":true
    },
    {
        "manufacturer":"Intel",
        "model":"Intel Core i9-9900KF",
        "socket":"1151",
        "n_cores":8,
        "base_clock_spd":"3.6 GHz",
        "boost_clock_spd":"5.0 GHz",
        "consumption":"95 W",
        "integrated_gpu":"",
        "overclock":true
    },
    {
        "manufacturer":"Intel",
        "model":"Intel Core i9-9900KS",
        "socket":"1151",
        "n_cores":8,
        "base_clock_spd":"4.0 GHz",
        "boost_clock_spd":"5.0 GHz",
        "consumption":"127 W",
        "integrated_gpu":"Intel UHD 630",
        "overclock":true
    },
    {
        "manufacturer":"Intel",
        "model":"Intel Pentium G3240",
        "socket":"1150",
        "n_cores":2,
        "base_clock_spd":" GHz",
        "boost_clock_spd":" GHz",
        "consumption":"54 W",
        "integrated_gpu":"",
        "overclock":false
    },
    {
        "manufacturer":"Intel",
        "model":"Intel Pentium G3250",
        "socket":"1150",
        "n_cores":2,
        "base_clock_spd":" GHz",
        "boost_clock_spd":" GHz",
        "consumption":"54 W",
        "integrated_gpu":"",
        "overclock":false
    },
    {
        "manufacturer":"Intel",
        "model":"Intel Pentium G3258",
        "socket":"1150",
        "n_cores":2,
        "base_clock_spd":"3.2 GHz",
        "boost_clock_spd":" GHz",
        "consumption":"54 W",
        "integrated_gpu":"Intel HD Graphics for 4th Gen",
        "overclock":true
    },
    {
        "manufacturer":"Intel",
        "model":"Intel Pentium G3260",
        "socket":"1150",
        "n_cores":2,
        "base_clock_spd":"3.3 GHz",
        "boost_clock_spd":" GHz",
        "consumption":"53 W",
        "integrated_gpu":"Intel HD Graphics for 4th Gen",
        "overclock":false
    },
    {
        "manufacturer":"Intel",
        "model":"Intel Pentium G4400",
        "socket":"1151",
        "n_cores":2,
        "base_clock_spd":"3.3 GHz",
        "boost_clock_spd":" GHz",
        "consumption":"47 W",
        "integrated_gpu":"Intel HD 510",
        "overclock":false
    },
    {
        "manufacturer":"Intel",
        "model":"Intel Pentium G4500",
        "socket":"1151",
        "n_cores":2,
        "base_clock_spd":"3.5 GHz",
        "boost_clock_spd":" GHz",
        "consumption":"47 W",
        "integrated_gpu":"",
        "overclock":false
    },
    {
        "manufacturer":"Intel",
        "model":"Intel Pentium G4520",
        "socket":"1151",
        "n_cores":2,
        "base_clock_spd":"3.6 GHz",
        "boost_clock_spd":" GHz",
        "consumption":"47 W",
        "integrated_gpu":"",
        "overclock":false
    },
    {
        "manufacturer":"Intel",
        "model":"Intel Pentium G4560",
        "socket":"1151",
        "n_cores":2,
        "base_clock_spd":"3.5 GHz",
        "boost_clock_spd":" GHz",
        "consumption":"54 W",
        "integrated_gpu":"Intel HD 610",
        "overclock":false
    },
    {
        "manufacturer":"Intel",
        "model":"Intel Pentium G4600",
        "socket":"1151",
        "n_cores":2,
        "base_clock_spd":"3.6 GHz",
        "boost_clock_spd":" GHz",
        "consumption":"51 W",
        "integrated_gpu":"Intel HD 530",
        "overclock":false
    },
    {
        "manufacturer":"Intel",
        "model":"Intel Pentium G4620",
        "socket":"1151",
        "n_cores":2,
        "base_clock_spd":"3.7 GHz",
        "boost_clock_spd":" GHz",
        "consumption":"51 W",
        "integrated_gpu":"Intel HD 630",
        "overclock":false
    },
    {
        "manufacturer":"Intel",
        "model":"Intel Pentium G7400",
        "socket":"1700",
        "n_cores":2,
        "base_clock_spd":"3.7 GHz",
        "boost_clock_spd":" GHz",
        "consumption":"46 W",
        "integrated_gpu":"",
        "overclock":false
    },
    {
        "manufacturer":"Intel",
        "model":"Intel Pentium Gold G5400",
        "socket":"1151",
        "n_cores":2,
        "base_clock_spd":"3.7 GHz",
        "boost_clock_spd":" GHz",
        "consumption":"58 W",
        "integrated_gpu":"Intel UHD 610",
        "overclock":false
    },
    {
        "manufacturer":"Intel",
        "model":"Intel Pentium Gold G5420",
        "socket":"1151",
        "n_cores":2,
        "base_clock_spd":"3.8 GHz",
        "boost_clock_spd":" GHz",
        "consumption":"54 W",
        "integrated_gpu":"",
        "overclock":false
    },
    {
        "manufacturer":"Intel",
        "model":"Intel Pentium Gold G5500",
        "socket":"1151",
        "n_cores":2,
        "base_clock_spd":"3.8 GHz",
        "boost_clock_spd":" GHz",
        "consumption":"54 W",
        "integrated_gpu":"Intel UHD 610",
        "overclock":false
    },
    {
        "manufacturer":"Intel",
        "model":"Intel Pentium Gold G5600",
        "socket":"1151",
        "n_cores":2,
        "base_clock_spd":"3.9 GHz",
        "boost_clock_spd":" GHz",
        "consumption":"54 W",
        "integrated_gpu":"Intel UHD 630",
        "overclock":false
    },
    {
        "manufacturer":"Intel",
        "model":"Intel Xeon E3-1231 V3",
        "socket":"1150",
        "n_cores":4,
        "base_clock_spd":"3.4 GHz",
        "boost_clock_spd":"3.8 GHz",
        "consumption":"80 W",
        "integrated_gpu":"",
        "overclock":false
    },
    {
        "manufacturer":"Intel",
        "model":"Intel Xeon E3-1241 V3",
        "socket":"1150",
        "n_cores":4,
        "base_clock_spd":"3.5 GHz",
        "boost_clock_spd":"3.9 GHz",
        "consumption":"80 W",
        "integrated_gpu":"",
        "overclock":false
    },
    {
        "manufacturer":"Intel",
        "model":"Intel Xeon E3-1271 V3",
        "socket":"1150",
        "n_cores":4,
        "base_clock_spd":"3.6 GHz",
        "boost_clock_spd":"4.0 GHz",
        "consumption":"80 W",
        "integrated_gpu":"",
        "overclock":false
    },
    {
        "manufacturer":"Intel",
        "model":"Intel Xeon E5-1620 V3",
        "socket":"2011-V3",
        "n_cores":4,
        "base_clock_spd":"3.5 GHz",
        "boost_clock_spd":"3.6 GHz",
        "consumption":"140 W",
        "integrated_gpu":"",
        "overclock":false
    },
    {
        "manufacturer":"Intel",
        "model":"Intel Xeon E5-1650 V3",
        "socket":"2011-V3",
        "n_cores":6,
        "base_clock_spd":"3.5 GHz",
        "boost_clock_spd":"3.8 GHz",
        "consumption":"140 W",
        "integrated_gpu":"",
        "overclock":false
    },
    {
        "manufacturer":"Intel",
        "model":"Intel Xeon E5-1650 V4",
        "socket":"2011-V3",
        "n_cores":6,
        "base_clock_spd":"3.6 GHz",
        "boost_clock_spd":"4.0 GHz",
        "consumption":"140 W",
        "integrated_gpu":"",
        "overclock":false
    },
    {
        "manufacturer":"Intel",
        "model":"Intel Xeon E5-2603 V3",
        "socket":"2011-V3",
        "n_cores":6,
        "base_clock_spd":"1.6 GHz",
        "boost_clock_spd":" GHz",
        "consumption":"85 W",
        "integrated_gpu":"",
        "overclock":false
    },
    {
        "manufacturer":"Intel",
        "model":"Intel Xeon E5-2603 V4",
        "socket":"2011-V3",
        "n_cores":6,
        "base_clock_spd":"1.7 GHz",
        "boost_clock_spd":" GHz",
        "consumption":"85 W",
        "integrated_gpu":"",
        "overclock":false
    },
    {
        "manufacturer":"Intel",
        "model":"Intel Xeon E5-2609 V4",
        "socket":"2011-V3",
        "n_cores":8,
        "base_clock_spd":"1.7 GHz",
        "boost_clock_spd":" GHz",
        "consumption":"85 W",
        "integrated_gpu":"",
        "overclock":false
    },
    {
        "manufacturer":"Intel",
        "model":"Intel Xeon E5-2620 V3",
        "socket":"2011-V3",
        "n_cores":6,
        "base_clock_spd":"2.4 GHz",
        "boost_clock_spd":"3.2 GHz",
        "consumption":"85 W",
        "integrated_gpu":"",
        "overclock":false
    },
    {
        "manufacturer":"Intel",
        "model":"Intel Xeon E5-2620 V4",
        "socket":"2011-V3",
        "n_cores":8,
        "base_clock_spd":"2.1 GHz",
        "boost_clock_spd":"3.0 GHz",
        "consumption":"85 W",
        "integrated_gpu":"",
        "overclock":false
    },
    {
        "manufacturer":"Intel",
        "model":"Intel Xeon E5-2630 V3",
        "socket":"2011-V3",
        "n_cores":8,
        "base_clock_spd":"2.4 GHz",
        "boost_clock_spd":"3.2 GHz",
        "consumption":"85 W",
        "integrated_gpu":"",
        "overclock":false
    },
    {
        "manufacturer":"Intel",
        "model":"Intel Xeon E5-2630 V4",
        "socket":"2011-V3",
        "n_cores":0,
        "base_clock_spd":"2.2 GHz",
        "boost_clock_spd":"3.1 GHz",
        "consumption":"85 W",
        "integrated_gpu":"",
        "overclock":false
    },
    {
        "manufacturer":"Intel",
        "model":"Intel Xeon E5-2640 V3",
        "socket":"2011-V3",
        "n_cores":8,
        "base_clock_spd":"2.6 GHz",
        "boost_clock_spd":"3.4 GHz",
        "consumption":"90 W",
        "integrated_gpu":"",
        "overclock":false
    },
    {
        "manufacturer":"Intel",
        "model":"Intel Xeon E5-2640 V4",
        "socket":"2011-V3",
        "n_cores":0,
        "base_clock_spd":"2.4 GHz",
        "boost_clock_spd":"3.4 GHz",
        "consumption":"90 W",
        "integrated_gpu":"",
        "overclock":false
    },
    {
        "manufacturer":"Intel",
        "model":"Intel Xeon E5-2650 V4",
        "socket":"2011-V3",
        "n_cores":2,
        "base_clock_spd":"2.2 GHz",
        "boost_clock_spd":"2.9 GHz",
        "consumption":"105 W",
        "integrated_gpu":"",
        "overclock":false
    },
    {
        "manufacturer":"Intel",
        "model":"Intel Xeon E5-2660 V3",
        "socket":"2011-V3",
        "n_cores":0,
        "base_clock_spd":"2.6 GHz",
        "boost_clock_spd":"3.3 GHz",
        "consumption":"105 W",
        "integrated_gpu":"",
        "overclock":false
    },
    {
        "manufacturer":"Intel",
        "model":"Intel Xeon E5-2660 V4",
        "socket":"2011-V3",
        "n_cores":4,
        "base_clock_spd":"2.0 GHz",
        "boost_clock_spd":"3.2 GHz",
        "consumption":"105 W",
        "integrated_gpu":"",
        "overclock":false
    },
    {
        "manufacturer":"Intel",
        "model":"Intel Xeon E5-2680 V3",
        "socket":"2011-V3",
        "n_cores":2,
        "base_clock_spd":"2.5 GHz",
        "boost_clock_spd":"3.3 GHz",
        "consumption":"120 W",
        "integrated_gpu":"",
        "overclock":false
    },
    {
        "manufacturer":"Intel",
        "model":"Intel Xeon E5-2680 V4",
        "socket":"2011-V3",
        "n_cores":4,
        "base_clock_spd":"2.4 GHz",
        "boost_clock_spd":"3.3 GHz",
        "consumption":"120 W",
        "integrated_gpu":"",
        "overclock":false
    },
    {
        "manufacturer":"Intel",
        "model":"Intel Xeon E5-2683 V4",
        "socket":"2011-V3",
        "n_cores":6,
        "base_clock_spd":"2.1 GHz",
        "boost_clock_spd":"3.0 GHz",
        "consumption":"120 W",
        "integrated_gpu":"",
        "overclock":false
    },
    {
        "manufacturer":"Intel",
        "model":"Intel Xeon E5-2687W V3",
        "socket":"2011-V3",
        "n_cores":0,
        "base_clock_spd":"3.1 GHz",
        "boost_clock_spd":"3.5 GHz",
        "consumption":"160 W",
        "integrated_gpu":"",
        "overclock":false
    },
    {
        "manufacturer":"Intel",
        "model":"Intel Xeon E5-2687W V4",
        "socket":"2011-V3",
        "n_cores":2,
        "base_clock_spd":"3.0 GHz",
        "boost_clock_spd":"3.5 GHz",
        "consumption":"160 W",
        "integrated_gpu":"",
        "overclock":false
    },
    {
        "manufacturer":"Intel",
        "model":"Intel Xeon E5-2690 V3",
        "socket":"2011-V3",
        "n_cores":2,
        "base_clock_spd":"2.6 GHz",
        "boost_clock_spd":"3.5 GHz",
        "consumption":"135 W",
        "integrated_gpu":"",
        "overclock":false
    },
    {
        "manufacturer":"Intel",
        "model":"Intel Xeon E5-2690 V4",
        "socket":"2011-V3",
        "n_cores":4,
        "base_clock_spd":"2.6 GHz",
        "boost_clock_spd":"3.5 GHz",
        "consumption":"135 W",
        "integrated_gpu":"",
        "overclock":false
    },
    {
        "manufacturer":"Intel",
        "model":"Intel Xeon E5-2695 V3",
        "socket":"2011-V3",
        "n_cores":4,
        "base_clock_spd":"2.3 GHz",
        "boost_clock_spd":"3.3 GHz",
        "consumption":"120 W",
        "integrated_gpu":"",
        "overclock":false
    },
    {
        "manufacturer":"Intel",
        "model":"Intel Xeon E5-2695 V4",
        "socket":"2011-V3",
        "n_cores":8,
        "base_clock_spd":"2.1 GHz",
        "boost_clock_spd":"3.3 GHz",
        "consumption":"120 W",
        "integrated_gpu":"",
        "overclock":false
    },
    {
        "manufacturer":"Intel",
        "model":"Intel Xeon E5-2697 V3",
        "socket":"2011-V3",
        "n_cores":4,
        "base_clock_spd":"2.6 GHz",
        "boost_clock_spd":"3.6 GHz",
        "consumption":"145 W",
        "integrated_gpu":"",
        "overclock":false
    },
    {
        "manufacturer":"Intel",
        "model":"Intel Xeon E5-2697 V4",
        "socket":"2011-V3",
        "n_cores":8,
        "base_clock_spd":"2.3 GHz",
        "boost_clock_spd":"3.6 GHz",
        "consumption":"145 W",
        "integrated_gpu":"",
        "overclock":false
    }
]