[
    {
        "manufacturer":"Crucial",
        "model":"Crucial P2 1000 GB",
        "storage":"1000 GB",
        "io":"NVM"
    },
    {
        "manufacturer":"ADATA",
        "model":"ADATA XPG SX8200 Pro Series 2000 GB",
        "storage":"2000 GB",
        "io":"NVM"
    },
    {
        "manufacturer":"ADATA",
        "model":"ADATA XPG SX8200 Pro Series 512 GB",
        "storage":"512 GB",
        "io":"NVM"
    },
    {
        "manufacturer":"ADATA",
        "model":"ADATA XPG SX8200 Series ",
        "storage":"240 GB",
        "io":"NVM"
    },
    {
        "manufacturer":"ADATA",
        "model":"ADATA XPG SX8200 Series ",
        "storage":"480 GB",
        "io":"NVM"
    },
    {
        "manufacturer":"ADATA",
        "model":"ADATA XPG SX8200 Series ",
        "storage":"960 GB",
        "io":"NVM"
    },
    {
        "manufacturer":"Corsair",
        "model":"Corsair Force LE Series  240GB TLC",
        "storage":"240 GB",
        "io":"SATA"
    },
    {
        "manufacturer":"Corsair",
        "model":"Corsair MP400 1000 GB",
        "storage":"1000 GB",
        "io":"NVM"
    },
    {
        "manufacturer":"Corsair",
        "model":"Corsair MP400 2000 GB",
        "storage":"2000 GB",
        "io":"NVM"
    },
    {
        "manufacturer":"Corsair",
        "model":"Corsair MP400 4000 GB",
        "storage":"4000 GB",
        "io":"NVM"
    },
    {
        "manufacturer":"Corsair",
        "model":"Corsair MP400 8000 GB",
        "storage":"8000 GB",
        "io":"NVM"
    },
    {
        "manufacturer":"Corsair",
        "model":"Corsair MP600 1000 GB",
        "storage":"1000 GB",
        "io":"NVM"
    },
    {
        "manufacturer":"Corsair",
        "model":"Corsair MP600 2000 GB",
        "storage":"2000 GB",
        "io":"NVM"
    },
    {
        "manufacturer":"Corsair",
        "model":"Corsair MP600 500 GB",
        "storage":"500 GB",
        "io":"NVM"
    },
    {
        "manufacturer":"Corsair",
        "model":"Corsair MP600 Pro 1000 GB",
        "storage":"1000 GB",
        "io":"NVM"
    },
    {
        "manufacturer":"Corsair",
        "model":"Corsair MP600 Pro 2000 GB",
        "storage":"2000 GB",
        "io":"NVM"
    },
    {
        "manufacturer":"Crucial",
        "model":"Crucial MX500 1000 GB",
        "storage":"1000 GB",
        "io":"SATA"
    },
    {
        "manufacturer":"Crucial",
        "model":"Crucial MX500 2000 GB",
        "storage":"2000 GB",
        "io":"SATA"
    },
    {
        "manufacturer":"Crucial",
        "model":"Crucial MX500 500 GB",
        "storage":"500 GB",
        "io":"SATA"
    },
    {
        "manufacturer":"Crucial",
        "model":"Crucial P1 ",
        "storage":"2000 GB",
        "io":"NVM"
    },
    {
        "manufacturer":"Crucial",
        "model":"Crucial P1 1000 GB",
        "storage":"1000 GB",
        "io":"NVM"
    },
    {
        "manufacturer":"Crucial",
        "model":"Crucial P1 500 GB",
        "storage":"500 GB",
        "io":"NVM"
    },
    {
        "manufacturer":"Crucial",
        "model":"Crucial P2 250 GB",
        "storage":"250 GB",
        "io":"NVM"
    },
    {
        "manufacturer":"Crucial",
        "model":"Crucial P2 500 GB",
        "storage":"500 GB",
        "io":"NVM"
    },
    {
        "manufacturer":"Gigabyte",
        "model":"Gigabyte Aorus 2000 GB",
        "storage":"2000 GB",
        "io":"NVM"
    },
    {
        "manufacturer":"Intel",
        "model":"Intel 660P 2000 GB",
        "storage":"2000 GB",
        "io":"NVM"
    },
    {
        "manufacturer":"Intel",
        "model":"Intel 660P 512 GB",
        "storage":"512 GB",
        "io":"NVM"
    },
    {
        "manufacturer":"Kingston",
        "model":"Kingston SSDNow UV400 Series 240 GB",
        "storage":"240 GB",
        "io":"SATA"
    },
    {
        "manufacturer":"Sabrent",
        "model":"Sabrent Rocket",
        "storage":"512 GB",
        "io":"NVM"
    },
    {
        "manufacturer":"Sabrent",
        "model":"Sabrent Rocket",
        "storage":"1000 GB",
        "io":"NVM"
    },
    {
        "manufacturer":"Sabrent",
        "model":"Sabrent Rocket",
        "storage":"2000 GB",
        "io":"NVM"
    },
    {
        "manufacturer":"SAMSUNG",
        "model":"Samsung 860 EVO Series 1000 GB",
        "storage":"1000 GB",
        "io":"SATA"
    },
    {
        "manufacturer":"SAMSUNG",
        "model":"Samsung 860 EVO Series 2000 GB",
        "storage":"2000 GB",
        "io":"SATA"
    },
    {
        "manufacturer":"SAMSUNG",
        "model":"Samsung 860 EVO Series 500 GB",
        "storage":"500 GB",
        "io":"SATA"
    },
    {
        "manufacturer":"SAMSUNG",
        "model":"Samsung 860 QVO Series 1000 GB",
        "storage":"1000 GB",
        "io":"SATA"
    },
    {
        "manufacturer":"SAMSUNG",
        "model":"Samsung 860 QVO Series 2000 GB",
        "storage":"2000 GB",
        "io":"SATA"
    },
    {
        "manufacturer":"SAMSUNG",
        "model":"Samsung 860 QVO Series 4000 GB",
        "storage":"4000 GB",
        "io":"SATA"
    },
    {
        "manufacturer":"SAMSUNG",
        "model":"Samsung 970 EVO ",
        "storage":"250 GB",
        "io":"NVM"
    },
    {
        "manufacturer":"SAMSUNG",
        "model":"Samsung 970 EVO ",
        "storage":"2000 GB",
        "io":"NVM"
    },
    {
        "manufacturer":"SAMSUNG",
        "model":"Samsung 970 EVO 1000 GB",
        "storage":"1000 GB",
        "io":"NVM"
    },
    {
        "manufacturer":"SAMSUNG",
        "model":"Samsung 970 EVO 500 GB",
        "storage":"500 GB",
        "io":"NVM"
    },
    {
        "manufacturer":"SAMSUNG",
        "model":"Samsung 970 Evo Plus 1000 GB",
        "storage":"1000 GB",
        "io":"NVM"
    },
    {
        "manufacturer":"SAMSUNG",
        "model":"Samsung 970 Evo Plus 2000 GB",
        "storage":"2000 GB",
        "io":"NVM"
    },
    {
        "manufacturer":"SAMSUNG",
        "model":"Samsung 980 PRO Series 1000 GB",
        "storage":"1000 GB",
        "io":"NVM"
    },
    {
        "manufacturer":"SAMSUNG",
        "model":"Samsung 980 PRO Series 2000 GB",
        "storage":"2000 GB",
        "io":"NVM"
    },
    {
        "manufacturer":"SAMSUNG",
        "model":"Samsung 980 PRO Series 500 GB",
        "storage":"500 GB",
        "io":"NVM"
    },
    {
        "manufacturer":"Seagate",
        "model":"Seagate FireCuda 520 1000 GB",
        "storage":"1000 GB",
        "io":"NVM"
    },
    {
        "manufacturer":"Seagate",
        "model":"Seagate FireCuda 520 2000 GB",
        "storage":"2000 GB",
        "io":"NVM"
    },
    {
        "manufacturer":"Seagate",
        "model":"Seagate FireCuda 520 500 GB",
        "storage":"500 GB",
        "io":"NVM"
    },
    {
        "manufacturer":"Western Digital",
        "model":"Western Digital Black SN750 NVMe M.2 Solid State Drive 1000 GB",
        "storage":"1000 GB",
        "io":"NVM"
    },
    {
        "manufacturer":"Western Digital",
        "model":"Western Digital Black SN750 NVMe M.2 Solid State Drive 2000 GB",
        "storage":"2000 GB",
        "io":"NVM"
    },
    {
        "manufacturer":"Western Digital",
        "model":"Western Digital Black SN750 Solid State Drive 2000 GB",
        "storage":"2000 GB",
        "io":"NVM"
    },
    {
        "manufacturer":"Western Digital",
        "model":"Western Digital Black SN750 Solid State Drive 500 GB",
        "storage":"500 GB",
        "io":"NVM"
    },
    {
        "manufacturer":"Western Digital",
        "model":"Western Digital Blue SN550 NVMe 1000 GB",
        "storage":"1000 GB",
        "io":"NVM"
    },
    {
        "manufacturer":"Western Digital",
        "model":"Western Digital Blue SN550 NVMe 500 GB",
        "storage":"500 GB",
        "io":"NVM"
    },
    {
        "manufacturer":"ADATA",
        "model":"ADATA Gammix S11 Series ",
        "storage":"960 GB",
        "io":"NVM"
    },
    {
        "manufacturer":"ADATA",
        "model":"ADATA Gammix S11 Series ",
        "storage":"240 GB",
        "io":"NVM"
    },
    {
        "manufacturer":"ADATA",
        "model":"ADATA Gammix S11 Series ",
        "storage":"480 GB",
        "io":"NVM"
    },
    {
        "manufacturer":"ADATA",
        "model":"ADATA Premier SP580",
        "storage":"120 GB",
        "io":"SATA"
    },
    {
        "manufacturer":"ADATA",
        "model":"ADATA XPG Gammix S50 Lite 1000 GB",
        "storage":"1000 GB",
        "io":"NVM"
    },
    {
        "manufacturer":"ADATA",
        "model":"ADATA XPG Gammix S50 Lite 2000 GB",
        "storage":"2000 GB",
        "io":"NVM"
    },
    {
        "manufacturer":"ADATA",
        "model":"ADATA XPG Spectrix S40G Series ",
        "storage":"1000 GB",
        "io":"NVM"
    },
    {
        "manufacturer":"ADATA",
        "model":"ADATA XPG Spectrix S40G Series 2000 GB",
        "storage":"2000 GB",
        "io":"NVM"
    },
    {
        "manufacturer":"ADATA",
        "model":"ADATA XPG Spectrix S40G Series 4000 GB",
        "storage":"4000 GB",
        "io":"NVM"
    },
    {
        "manufacturer":"ADATA",
        "model":"ADATA XPG SX6000 Pro Series 1000 GB",
        "storage":"1000 GB",
        "io":"NVM"
    },
    {
        "manufacturer":"ADATA",
        "model":"ADATA XPG SX6000 Pro Series 256 GB",
        "storage":"256 GB",
        "io":"NVM"
    },
    {
        "manufacturer":"ADATA",
        "model":"ADATA XPG SX6000 Pro Series 512 GB",
        "storage":"512 GB",
        "io":"NVM"
    },
    {
        "manufacturer":"ADATA",
        "model":"ADATA XPG SX6000 Series ",
        "storage":"1000 GB",
        "io":"NVM"
    },
    {
        "manufacturer":"ADATA",
        "model":"ADATA XPG SX6000 Series ",
        "storage":"128 GB",
        "io":"NVM"
    },
    {
        "manufacturer":"ADATA",
        "model":"ADATA XPG SX6000 Series ",
        "storage":"256 GB",
        "io":"NVM"
    },
    {
        "manufacturer":"ADATA",
        "model":"ADATA XPG SX6000 Series ",
        "storage":"512 GB",
        "io":"NVM"
    },
    {
        "manufacturer":"ADATA",
        "model":"ADATA XPG SX8200 Pro Series 1000 GB",
        "storage":"1000 GB",
        "io":"NVM"
    },
    {
        "manufacturer":"ADATA",
        "model":"ADATA XPG SX8200 Pro Series 256 GB",
        "storage":"256 GB",
        "io":"NVM"
    },
    {
        "manufacturer":"Avexir",
        "model":"Avexir S100",
        "storage":"480 GB",
        "io":"SATA"
    },
    {
        "manufacturer":"Avexir",
        "model":"Avexir S100",
        "storage":"240 GB",
        "io":"SATA"
    },
    {
        "manufacturer":"Avexir",
        "model":"Avexir S100",
        "storage":"480 GB",
        "io":"SATA"
    },
    {
        "manufacturer":"Avexir",
        "model":"Avexir S100",
        "storage":"240 GB",
        "io":"SATA"
    },
    {
        "manufacturer":"Avexir",
        "model":"Avexir S100",
        "storage":"480 GB",
        "io":"SATA"
    },
    {
        "manufacturer":"Corsair",
        "model":"Corsair Force LE Series  480GB TLC",
        "storage":"480 GB",
        "io":"SATA"
    },
    {
        "manufacturer":"Corsair",
        "model":"Corsair Force Series LE",
        "storage":"120 GB",
        "io":"SATA"
    },
    {
        "manufacturer":"Corsair",
        "model":"Corsair Force Series LE",
        "storage":"120 GB",
        "io":"SATA"
    },
    {
        "manufacturer":"Corsair",
        "model":"Corsair Force Series LE",
        "storage":"960 GB",
        "io":"SATA"
    },
    {
        "manufacturer":"Corsair",
        "model":"Corsair Force Series LS",
        "storage":"480 GB",
        "io":"SATA"
    },
    {
        "manufacturer":"Corsair",
        "model":"Corsair Force Series LS",
        "storage":"240 GB",
        "io":"SATA"
    },
    {
        "manufacturer":"Corsair",
        "model":"Corsair Force Series LS",
        "storage":"960 GB",
        "io":"SATA"
    },
    {
        "manufacturer":"Corsair",
        "model":"Corsair Force Series LS",
        "storage":"120 GB",
        "io":"SATA"
    },
    {
        "manufacturer":"Corsair",
        "model":"Corsair Force Series MP500  120GB MLC    NVMe",
        "storage":"120 GB",
        "io":"NVM"
    },
    {
        "manufacturer":"Corsair",
        "model":"Corsair Force Series MP500  240GB MLC    NVMe",
        "storage":"240 GB",
        "io":"NVM"
    },
    {
        "manufacturer":"Corsair",
        "model":"Corsair Force Series MP500  480GB MLC    NVMe",
        "storage":"480 GB",
        "io":"NVM"
    },
    {
        "manufacturer":"Corsair",
        "model":"Corsair Force Series MP510 240 GB",
        "storage":"240 GB",
        "io":"NVM"
    },
    {
        "manufacturer":"Corsair",
        "model":"Corsair Force Series MP510 480 GB",
        "storage":"480 GB",
        "io":"NVM"
    },
    {
        "manufacturer":"Corsair",
        "model":"Corsair Force Series MP510 480 GB",
        "storage":"480 GB",
        "io":"NVM"
    },
    {
        "manufacturer":"Corsair",
        "model":"Corsair Force Series MP510 960 GB",
        "storage":"960 GB",
        "io":"NVM"
    },
    {
        "manufacturer":"Corsair",
        "model":"Corsair MP400 R2 1000 GB",
        "storage":"1000 GB",
        "io":"NVM"
    },
    {
        "manufacturer":"Corsair",
        "model":"Corsair MP400 R2 2000 GB",
        "storage":"2000 GB",
        "io":"NVM"
    },
    {
        "manufacturer":"Corsair",
        "model":"Corsair MP400 R2 4000 GB",
        "storage":"4000 GB",
        "io":"NVM"
    },
    {
        "manufacturer":"Corsair",
        "model":"Corsair MP600 Core 1000 GB",
        "storage":"1000 GB",
        "io":"NVM"
    },
    {
        "manufacturer":"Corsair",
        "model":"Corsair MP600 Core 2000 GB",
        "storage":"2000 GB",
        "io":"NVM"
    },
    {
        "manufacturer":"Corsair",
        "model":"Corsair MP600 Core 4000 GB",
        "storage":"4000 GB",
        "io":"NVM"
    },
    {
        "manufacturer":"Corsair",
        "model":"Corsair MP600 GS 1000 GB",
        "storage":"1000 GB",
        "io":"NVM"
    },
    {
        "manufacturer":"Corsair",
        "model":"Corsair MP600 GS 2000 GB",
        "storage":"2000 GB",
        "io":"NVM"
    },
    {
        "manufacturer":"Corsair",
        "model":"Corsair MP600 GS 500 GB",
        "storage":"500 GB",
        "io":"NVM"
    },
    {
        "manufacturer":"Corsair",
        "model":"Corsair MP600 Pro Hydro X Edition 2000 GB",
        "storage":"2000 GB",
        "io":"NVM"
    },
    {
        "manufacturer":"Corsair",
        "model":"Corsair MP600 Pro LPX 1000 GB",
        "storage":"1000 GB",
        "io":"NVM"
    },
    {
        "manufacturer":"Corsair",
        "model":"Corsair MP600 Pro LPX 2000 GB",
        "storage":"2000 GB",
        "io":"NVM"
    },
    {
        "manufacturer":"Corsair",
        "model":"Corsair MP600 Pro LPX 4000 GB",
        "storage":"4000 GB",
        "io":"NVM"
    },
    {
        "manufacturer":"Corsair",
        "model":"Corsair MP600 Pro LPX 500 GB",
        "storage":"500 GB",
        "io":"NVM"
    },
    {
        "manufacturer":"Corsair",
        "model":"Corsair MP600 Pro NH 1000 GB",
        "storage":"1000 GB",
        "io":"NVM"
    },
    {
        "manufacturer":"Corsair",
        "model":"Corsair MP600 Pro NH 2000 GB",
        "storage":"2000 GB",
        "io":"NVM"
    },
    {
        "manufacturer":"Corsair",
        "model":"Corsair MP600 Pro NH 4000 GB",
        "storage":"4000 GB",
        "io":"NVM"
    },
    {
        "manufacturer":"Corsair",
        "model":"Corsair MP600 Pro XT 1000 GB",
        "storage":"1000 GB",
        "io":"NVM"
    },
    {
        "manufacturer":"Corsair",
        "model":"Corsair MP600 Pro XT 2000 GB",
        "storage":"2000 GB",
        "io":"NVM"
    },
    {
        "manufacturer":"Corsair",
        "model":"Corsair MP600 Pro XT 4000 GB",
        "storage":"4000 GB",
        "io":"NVM"
    },
    {
        "manufacturer":"Corsair",
        "model":"Corsair MP600 R2 1000 GB",
        "storage":"1000 GB",
        "io":"NVM"
    },
    {
        "manufacturer":"Corsair",
        "model":"Corsair Neutron Series XTi",
        "storage":"480 GB",
        "io":"SATA"
    },
    {
        "manufacturer":"Corsair",
        "model":"Corsair Neutron Series XTi",
        "storage":"960 GB",
        "io":"SATA"
    },
    {
        "manufacturer":"Corsair",
        "model":"Corsair Neutron Series XTi",
        "storage":"240 GB",
        "io":"SATA"
    },
    {
        "manufacturer":"Corsair",
        "model":"Corsair Neutron Series XTi",
        "storage":"1920 GB",
        "io":"SATA"
    },
    {
        "manufacturer":"Crucial",
        "model":"Crucial BX500  - 1 TB 1000 GB",
        "storage":"1000 GB",
        "io":"SATA"
    },
    {
        "manufacturer":"Crucial",
        "model":"Crucial BX500  - 120 GB 120 GB",
        "storage":"120 GB",
        "io":"SATA"
    },
    {
        "manufacturer":"Crucial",
        "model":"Crucial BX500  - 2 TB 2000 GB",
        "storage":"2000 GB",
        "io":"SATA"
    },
    {
        "manufacturer":"Crucial",
        "model":"Crucial BX500  - 240 GB 240 GB",
        "storage":"240 GB",
        "io":"SATA"
    },
    {
        "manufacturer":"Crucial",
        "model":"Crucial BX500  - 480 GB 480 GB",
        "storage":"480 GB",
        "io":"SATA"
    },
    {
        "manufacturer":"Crucial",
        "model":"Crucial BX500  - 960 GB 960 GB",
        "storage":"960 GB",
        "io":"SATA"
    },
    {
        "manufacturer":"Crucial",
        "model":"Crucial MX300",
        "storage":"275 GB",
        "io":"SATA"
    },
    {
        "manufacturer":"Crucial",
        "model":"Crucial MX300",
        "storage":"525 GB",
        "io":"SATA"
    },
    {
        "manufacturer":"Crucial",
        "model":"Crucial MX300",
        "storage":"1000 GB",
        "io":"SATA"
    },
    {
        "manufacturer":"Crucial",
        "model":"Crucial MX300",
        "storage":"2000 GB",
        "io":"SATA"
    },
    {
        "manufacturer":"Crucial",
        "model":"Crucial MX300  275GB  TLC",
        "storage":"275 GB",
        "io":"SATA"
    },
    {
        "manufacturer":"Crucial",
        "model":"Crucial MX300 M.2 Solid State Drive",
        "storage":"525 GB",
        "io":"SATA"
    },
    {
        "manufacturer":"Crucial",
        "model":"Crucial MX300 M.2 Solid State Drive",
        "storage":"1000 GB",
        "io":"SATA"
    },
    {
        "manufacturer":"Crucial",
        "model":"Crucial MX500 250 GB",
        "storage":"250 GB",
        "io":"SATA"
    },
    {
        "manufacturer":"Crucial",
        "model":"Crucial MX500 M.2 Solid State Drive 1000 GB",
        "storage":"1000 GB",
        "io":"SATA"
    },
    {
        "manufacturer":"Crucial",
        "model":"Crucial MX500 M.2 Solid State Drive 250 GB",
        "storage":"250 GB",
        "io":"SATA"
    },
    {
        "manufacturer":"Crucial",
        "model":"Crucial MX500 M.2 Solid State Drive 500 GB",
        "storage":"500 GB",
        "io":"SATA"
    },
    {
        "manufacturer":"Crucial",
        "model":"Crucial P5 1000 GB",
        "storage":"1000 GB",
        "io":"NVM"
    },
    {
        "manufacturer":"Crucial",
        "model":"Crucial P5 2000 GB",
        "storage":"2000 GB",
        "io":"NVM"
    },
    {
        "manufacturer":"Crucial",
        "model":"Crucial P5 250 GB",
        "storage":"250 GB",
        "io":"NVM"
    },
    {
        "manufacturer":"Crucial",
        "model":"Crucial P5 500 GB",
        "storage":"500 GB",
        "io":"NVM"
    },
    {
        "manufacturer":"Crucial",
        "model":"Crucial P5 Plus 1000 GB",
        "storage":"1000 GB",
        "io":"NVM"
    },
    {
        "manufacturer":"Crucial",
        "model":"Crucial P5 Plus 2000 GB",
        "storage":"2000 GB",
        "io":"NVM"
    },
    {
        "manufacturer":"Crucial",
        "model":"Crucial P5 Plus 500 GB",
        "storage":"500 GB",
        "io":"NVM"
    },
    {
        "manufacturer":"Gigabyte",
        "model":"Gigabyte ",
        "storage":"512 GB",
        "io":"NVM"
    },
    {
        "manufacturer":"Gigabyte",
        "model":"Gigabyte 1000 GB",
        "storage":"1000 GB",
        "io":"NVM"
    },
    {
        "manufacturer":"Gigabyte",
        "model":"Gigabyte 1000 GB",
        "storage":"1000 GB",
        "io":"SATA"
    },
    {
        "manufacturer":"Gigabyte",
        "model":"Gigabyte 120 GB",
        "storage":"120 GB",
        "io":"SATA"
    },
    {
        "manufacturer":"Gigabyte",
        "model":"Gigabyte 128 GB",
        "storage":"128 GB",
        "io":"NVM"
    },
    {
        "manufacturer":"Gigabyte",
        "model":"Gigabyte 240 GB",
        "storage":"240 GB",
        "io":"SATA"
    },
    {
        "manufacturer":"Gigabyte",
        "model":"Gigabyte 256 GB",
        "storage":"256 GB",
        "io":"SATA"
    },
    {
        "manufacturer":"Gigabyte",
        "model":"Gigabyte 256 GB",
        "storage":"256 GB",
        "io":"NVM"
    },
    {
        "manufacturer":"Gigabyte",
        "model":"Gigabyte 480 GB",
        "storage":"480 GB",
        "io":"SATA"
    },
    {
        "manufacturer":"Gigabyte",
        "model":"Gigabyte 512 GB",
        "storage":"512 GB",
        "io":"NVM"
    },
    {
        "manufacturer":"Gigabyte",
        "model":"Gigabyte Aorus 1000 GB",
        "storage":"1000 GB",
        "io":"NVM"
    },
    {
        "manufacturer":"Gigabyte",
        "model":"Gigabyte Aorus 256 GB",
        "storage":"256 GB",
        "io":"NVM"
    },
    {
        "manufacturer":"Gigabyte",
        "model":"Gigabyte Aorus 512 GB",
        "storage":"512 GB",
        "io":"NVM"
    },
    {
        "manufacturer":"Gigabyte",
        "model":"Gigabyte UD PRO Series 1000 GB",
        "storage":"1000 GB",
        "io":"SATA"
    },
    {
        "manufacturer":"Gigabyte",
        "model":"Gigabyte UD Pro Series 256 GB",
        "storage":"256 GB",
        "io":"SATA"
    },
    {
        "manufacturer":"Gigabyte",
        "model":"Gigabyte UD PRO Series 512 GB",
        "storage":"512 GB",
        "io":"SATA"
    },
    {
        "manufacturer":"Gigabyte",
        "model":"Gigabyte UD PRO Series 512 GB",
        "storage":"512 GB",
        "io":"SATA"
    },
    {
        "manufacturer":"HyperX",
        "model":"HyperX Fury Series",
        "storage":"120 GB",
        "io":"SATA"
    },
    {
        "manufacturer":"HyperX",
        "model":"HyperX Fury Series",
        "storage":"240 GB",
        "io":"SATA"
    },
    {
        "manufacturer":"HyperX",
        "model":"HyperX Fury Series",
        "storage":"480 GB",
        "io":"SATA"
    },
    {
        "manufacturer":"HyperX",
        "model":"HyperX Predator Solid State Drive",
        "storage":"240 GB",
        "io":"NVM"
    },
    {
        "manufacturer":"HyperX",
        "model":"HyperX Predator Solid State Drive",
        "storage":"480 GB",
        "io":"NVM"
    },
    {
        "manufacturer":"HyperX",
        "model":"HyperX Savage Series",
        "storage":"120 GB",
        "io":"SATA"
    },
    {
        "manufacturer":"HyperX",
        "model":"HyperX Savage Series",
        "storage":"240 GB",
        "io":"SATA"
    },
    {
        "manufacturer":"HyperX",
        "model":"HyperX Savage Series",
        "storage":"480 GB",
        "io":"SATA"
    },
    {
        "manufacturer":"HyperX",
        "model":"HyperX Savage Series",
        "storage":"960 GB",
        "io":"SATA"
    },
    {
        "manufacturer":"Intel",
        "model":"Intel  DC S3510 Serie 120GB",
        "storage":"120 GB",
        "io":"SATA"
    },
    {
        "manufacturer":"Intel",
        "model":"Intel  DC S3510 Serie 480GB",
        "storage":"480 GB",
        "io":"SATA"
    },
    {
        "manufacturer":"Intel",
        "model":"Intel  DC S3510 Serie 800GB",
        "storage":"800 GB",
        "io":"SATA"
    },
    {
        "manufacturer":"Intel",
        "model":"Intel  DC S3710 Serie 200GB",
        "storage":"200 GB",
        "io":"SATA"
    },
    {
        "manufacturer":"Intel",
        "model":"Intel  DC S3710 Serie 400GB",
        "storage":"400 GB",
        "io":"SATA"
    },
    {
        "manufacturer":"Intel",
        "model":"Intel 535 Series  120GB MLC  -",
        "storage":"120 GB",
        "io":"SATA"
    },
    {
        "manufacturer":"Intel",
        "model":"Intel 540s Series",
        "storage":"120 GB",
        "io":"SATA"
    },
    {
        "manufacturer":"Intel",
        "model":"Intel 540s Series",
        "storage":"180 GB",
        "io":"SATA"
    },
    {
        "manufacturer":"Intel",
        "model":"Intel 540s Series",
        "storage":"360 GB",
        "io":"SATA"
    },
    {
        "manufacturer":"Intel",
        "model":"Intel 540s Series",
        "storage":"480 GB",
        "io":"SATA"
    },
    {
        "manufacturer":"Intel",
        "model":"Intel 540s Series",
        "storage":"240 GB",
        "io":"SATA"
    },
    {
        "manufacturer":"Intel",
        "model":"Intel 540s Series",
        "storage":"1000 GB",
        "io":"SATA"
    },
    {
        "manufacturer":"Intel",
        "model":"Intel 540s Series  240GB TLC  -",
        "storage":"240 GB",
        "io":"SATA"
    },
    {
        "manufacturer":"Intel",
        "model":"Intel 540s Series Solid State Drive",
        "storage":"1000 GB",
        "io":"SATA"
    },
    {
        "manufacturer":"Intel",
        "model":"Intel 540s Series Solid State Drive",
        "storage":"360 GB",
        "io":"SATA"
    },
    {
        "manufacturer":"Intel",
        "model":"Intel 540s Series Solid State Drive",
        "storage":"120 GB",
        "io":"SATA"
    },
    {
        "manufacturer":"Intel",
        "model":"Intel 540s Series Solid State Drive",
        "storage":"480 GB",
        "io":"SATA"
    },
    {
        "manufacturer":"Intel",
        "model":"Intel 540s Series Solid State Drive",
        "storage":"180 GB",
        "io":"SATA"
    },
    {
        "manufacturer":"Intel",
        "model":"Intel 600P Series ",
        "storage":"128 GB",
        "io":"NVM"
    },
    {
        "manufacturer":"Intel",
        "model":"Intel 600P Series ",
        "storage":"256 GB",
        "io":"NVM"
    },
    {
        "manufacturer":"Intel",
        "model":"Intel 600P Series ",
        "storage":"512 GB",
        "io":"NVM"
    },
    {
        "manufacturer":"Intel",
        "model":"Intel 600P Series ",
        "storage":"1000 GB",
        "io":"NVM"
    },
    {
        "manufacturer":"Intel",
        "model":"Intel 660P Series ",
        "storage":"1000 GB",
        "io":"NVM"
    },
    {
        "manufacturer":"Intel",
        "model":"Intel 760p Series ",
        "storage":"256 GB",
        "io":"NVM"
    },
    {
        "manufacturer":"Intel",
        "model":"Intel 760p Series 1000 GB",
        "storage":"1000 GB",
        "io":"NVM"
    },
    {
        "manufacturer":"Intel",
        "model":"Intel 760p Series 128 GB",
        "storage":"128 GB",
        "io":"NVM"
    },
    {
        "manufacturer":"Intel",
        "model":"Intel 760p Series 2000 GB",
        "storage":"2000 GB",
        "io":"NVM"
    },
    {
        "manufacturer":"Intel",
        "model":"Intel 760p Series 512 GB",
        "storage":"512 GB",
        "io":"NVM"
    },
    {
        "manufacturer":"Intel",
        "model":"Intel DC S3500 Series",
        "storage":"800 GB",
        "io":"SATA"
    },
    {
        "manufacturer":"Intel",
        "model":"Intel Optane 800P 118 GB",
        "storage":"118 GB",
        "io":"NVM"
    },
    {
        "manufacturer":"Intel",
        "model":"Intel Optane 800P 58 GB",
        "storage":"58 GB",
        "io":"NVM"
    },
    {
        "manufacturer":"Intel",
        "model":"Intel Optane 900P AIC Solid State Drive 480 GB",
        "storage":"480 GB",
        "io":"NVM"
    },
    {
        "manufacturer":"Intel",
        "model":"Intel Optane 900P NVMe 280 GB",
        "storage":"280 GB",
        "io":"SATA"
    },
    {
        "manufacturer":"Intel",
        "model":"Intel Optane 900P Series 2 280 GB",
        "storage":"280 GB",
        "io":"NVM"
    },
    {
        "manufacturer":"Intel",
        "model":"Intel Optane 905P 380 GB",
        "storage":"380 GB",
        "io":"NVM"
    },
    {
        "manufacturer":"Intel",
        "model":"Intel Optane Series",
        "storage":"32 GB",
        "io":"NVM"
    },
    {
        "manufacturer":"Intel",
        "model":"Intel Optane Series 16 GB",
        "storage":"16 GB",
        "io":"NVM"
    },
    {
        "manufacturer":"Intel",
        "model":"Intel Pro 6000P Series ",
        "storage":"1000 GB",
        "io":"NVM"
    },
    {
        "manufacturer":"Intel",
        "model":"Intel Pro 6000P Series ",
        "storage":"128 GB",
        "io":"NVM"
    },
    {
        "manufacturer":"Intel",
        "model":"Intel Pro 6000P Series ",
        "storage":"256 GB",
        "io":"NVM"
    },
    {
        "manufacturer":"Intel",
        "model":"Intel Pro 6000P Series ",
        "storage":"512 GB",
        "io":"NVM"
    },
    {
        "manufacturer":"Intenso",
        "model":"Intenso High Performance   III 120GB  TLC  3813430",
        "storage":"120 GB",
        "io":"SATA"
    },
    {
        "manufacturer":"Intenso",
        "model":"Intenso High Performance   III 240GB  TLC  3813440",
        "storage":"240 GB",
        "io":"SATA"
    },
    {
        "manufacturer":"Intenso",
        "model":"Intenso High Performance   III 480GB  TLC  3813450",
        "storage":"480 GB",
        "io":"SATA"
    },
    {
        "manufacturer":"Intenso",
        "model":"Intenso High Performance   III 960GB  TLC  3813460",
        "storage":"960 GB",
        "io":"SATA"
    },
    {
        "manufacturer":"Intenso",
        "model":"Intenso Top III  256GB  MLC",
        "storage":"256 GB",
        "io":"SATA"
    },
    {
        "manufacturer":"Intenso",
        "model":"Intenso Top III  512GB  MLC",
        "storage":"512 GB",
        "io":"SATA"
    },
    {
        "manufacturer":"Kingston",
        "model":"Kingston A1000 NVMe M.2 Solid State Drive",
        "storage":"240 GB",
        "io":"NVM"
    },
    {
        "manufacturer":"Kingston",
        "model":"Kingston A1000 NVMe M.2 Solid State Drive",
        "storage":"480 GB",
        "io":"NVM"
    },
    {
        "manufacturer":"Kingston",
        "model":"Kingston A400  - 960 GB 960 GB",
        "storage":"960 GB",
        "io":"SATA"
    },
    {
        "manufacturer":"Kingston",
        "model":"Kingston DC400  480GB",
        "storage":"480 GB",
        "io":"SATA"
    },
    {
        "manufacturer":"Kingston",
        "model":"Kingston DC400  960GB",
        "storage":"960 GB",
        "io":"SATA"
    },
    {
        "manufacturer":"Kingston",
        "model":"Kingston Now E50 240GB MLC",
        "storage":"240 GB",
        "io":"SATA"
    },
    {
        "manufacturer":"Kingston",
        "model":"Kingston Now KC400 128GB MLC",
        "storage":"128 GB",
        "io":"SATA"
    },
    {
        "manufacturer":"Kingston",
        "model":"Kingston Now KC400 256GB MLC",
        "storage":"256 GB",
        "io":"SATA"
    },
    {
        "manufacturer":"Kingston",
        "model":"Kingston Now KC400 256GB MLC",
        "storage":"256 GB",
        "io":"SATA"
    },
    {
        "manufacturer":"Kingston",
        "model":"Kingston Now KC400 512GB MLC",
        "storage":"512 GB",
        "io":"SATA"
    },
    {
        "manufacturer":"Kingston",
        "model":"Kingston Now KC400 512GB MLC",
        "storage":"512 GB",
        "io":"SATA"
    },
    {
        "manufacturer":"Kingston",
        "model":"Kingston Now mS200 120GB MLC",
        "storage":"120 GB",
        "io":"SATA"
    },
    {
        "manufacturer":"Kingston",
        "model":"Kingston Now mS200 480GB MLC",
        "storage":"480 GB",
        "io":"SATA"
    },
    {
        "manufacturer":"Kingston",
        "model":"Kingston Now mS200 60GB MLC",
        "storage":"60 GB",
        "io":"SATA"
    },
    {
        "manufacturer":"Kingston",
        "model":"Kingston Now UV400 120GB TLC",
        "storage":"120 GB",
        "io":"SATA"
    },
    {
        "manufacturer":"Kingston",
        "model":"Kingston Now UV400 240GB TLC",
        "storage":"240 GB",
        "io":"SATA"
    },
    {
        "manufacturer":"Kingston",
        "model":"Kingston Now UV400 480GB TLC",
        "storage":"480 GB",
        "io":"SATA"
    },
    {
        "manufacturer":"Kingston",
        "model":"Kingston Now UV400 960GB TLC",
        "storage":"960 GB",
        "io":"SATA"
    },
    {
        "manufacturer":"Kingston",
        "model":"Kingston Now V300 120GB MLC",
        "storage":"120 GB",
        "io":"SATA"
    },
    {
        "manufacturer":"Kingston",
        "model":"Kingston Now V300 120GB MLC",
        "storage":"120 GB",
        "io":"SATA"
    },
    {
        "manufacturer":"Kingston",
        "model":"Kingston Now V300 60GB MLC",
        "storage":"60 GB",
        "io":"SATA"
    },
    {
        "manufacturer":"Kingston",
        "model":"Kingston NV1 NVMe 1000 GB",
        "storage":"1000 GB",
        "io":"NVM"
    },
    {
        "manufacturer":"Kingston",
        "model":"Kingston NV1 NVMe 2000 GB",
        "storage":"2000 GB",
        "io":"NVM"
    },
    {
        "manufacturer":"Kingston",
        "model":"Kingston NV1 NVMe 250 GB",
        "storage":"250 GB",
        "io":"NVM"
    },
    {
        "manufacturer":"Kingston",
        "model":"Kingston NV1 NVMe 500 GB",
        "storage":"500 GB",
        "io":"NVM"
    },
    {
        "manufacturer":"Kingston",
        "model":"Kingston Solid State Drive",
        "storage":"240 GB",
        "io":"SATA"
    },
    {
        "manufacturer":"Kingston",
        "model":"Kingston Solid State Drive",
        "storage":"480 GB",
        "io":"SATA"
    },
    {
        "manufacturer":"Kingston",
        "model":"Kingston Solid State Drive",
        "storage":"120 GB",
        "io":"SATA"
    },
    {
        "manufacturer":"Kingston",
        "model":"Kingston SSDNow A400 Series 120 GB",
        "storage":"120 GB",
        "io":"SATA"
    },
    {
        "manufacturer":"Kingston",
        "model":"Kingston SSDNow A400 Series 240 GB",
        "storage":"240 GB",
        "io":"SATA"
    },
    {
        "manufacturer":"Kingston",
        "model":"Kingston SSDNow A400 Series 480 GB",
        "storage":"480 GB",
        "io":"SATA"
    },
    {
        "manufacturer":"Kingston",
        "model":"Kingston SSDNow E50 Series",
        "storage":"100 GB",
        "io":"SATA"
    },
    {
        "manufacturer":"Kingston",
        "model":"Kingston SSDNow UV400 Series",
        "storage":"480 GB",
        "io":"SATA"
    },
    {
        "manufacturer":"Kingston",
        "model":"Kingston SSDNow UV400 Series",
        "storage":"960 GB",
        "io":"SATA"
    },
    {
        "manufacturer":"Kingston",
        "model":"Kingston SSDNow UV400 Series",
        "storage":"120 GB",
        "io":"SATA"
    },
    {
        "manufacturer":"Kingston",
        "model":"Kingston SSDNow UV500 Series 120 GB",
        "storage":"120 GB",
        "io":"SATA"
    },
    {
        "manufacturer":"Kingston",
        "model":"Kingston SSDNow UV500 Series 240 GB",
        "storage":"240 GB",
        "io":"SATA"
    },
    {
        "manufacturer":"Kingston",
        "model":"Kingston SSDNow UV500 Series 480 GB",
        "storage":"480 GB",
        "io":"SATA"
    },
    {
        "manufacturer":"Kingston",
        "model":"Kingston SSDNow UV500 Series 960 GB",
        "storage":"960 GB",
        "io":"SATA"
    },
    {
        "manufacturer":"Kingston",
        "model":"Kingston Solid State DriveNow UV500 Series M.2 Solid State Drive",
        "storage":"240 GB",
        "io":"SATA"
    },
    {
        "manufacturer":"Kingston",
        "model":"Kingston Solid State DriveNow UV500 Series M.2 Solid State Drive 120 GB",
        "storage":"120 GB",
        "io":"SATA"
    },
    {
        "manufacturer":"Kingston",
        "model":"Kingston Solid State DriveNow UV500 Series M.2 Solid State Drive 480 GB",
        "storage":"480 GB",
        "io":"SATA"
    },
    {
        "manufacturer":"Kingston",
        "model":"Kingston SSDNow V300 Series",
        "storage":"240 GB",
        "io":"SATA"
    },
    {
        "manufacturer":"Kingston",
        "model":"Kingston SSDNow V300 Series",
        "storage":"480 GB",
        "io":"SATA"
    },
    {
        "manufacturer":"Kioxia",
        "model":"KIOXIA Exceria NVMe Series 1000 GB",
        "storage":"1000 GB",
        "io":"NVM"
    },
    {
        "manufacturer":"Kioxia",
        "model":"KIOXIA Exceria NVMe Series 250 GB",
        "storage":"250 GB",
        "io":"NVM"
    },
    {
        "manufacturer":"Kioxia",
        "model":"KIOXIA Exceria NVMe Series 500 GB",
        "storage":"500 GB",
        "io":"NVM"
    },
    {
        "manufacturer":"Kioxia",
        "model":"KIOXIA Exceria Plus NVMe Series 1000 GB",
        "storage":"1000 GB",
        "io":"NVM"
    },
    {
        "manufacturer":"Kioxia",
        "model":"KIOXIA Exceria Plus NVMe Series 2000 GB",
        "storage":"2000 GB",
        "io":"NVM"
    },
    {
        "manufacturer":"Kioxia",
        "model":"KIOXIA Exceria Plus NVMe Series 500 GB",
        "storage":"500 GB",
        "io":"NVM"
    },
    {
        "manufacturer":"Kioxia",
        "model":"KIOXIA Exceria Series 240 GB",
        "storage":"240 GB",
        "io":"SATA"
    },
    {
        "manufacturer":"Kioxia",
        "model":"KIOXIA Exceria Series 480 GB",
        "storage":"480 GB",
        "io":"SATA"
    },
    {
        "manufacturer":"Kioxia",
        "model":"KIOXIA Exceria Series 960 GB",
        "storage":"960 GB",
        "io":"SATA"
    },
    {
        "manufacturer":"Mach Xtreme Technology",
        "model":"Mach Xtreme SATA DOM Solid State Drive",
        "storage":"32 GB",
        "io":"SATA"
    },
    {
        "manufacturer":"Mach Xtreme Technology",
        "model":"Mach Xtreme Technology DS Fusion Ultra",
        "storage":"120 GB",
        "io":"SATA"
    },
    {
        "manufacturer":"Mach Xtreme Technology",
        "model":"Mach Xtreme Technology DS Turbo PREMIUM Series",
        "storage":"120 GB",
        "io":"SATA"
    },
    {
        "manufacturer":"Micron",
        "model":"Micron 1100",
        "storage":"256 GB",
        "io":"SATA"
    },
    {
        "manufacturer":"Mushkin",
        "model":"Mushkin Element 1000 GB",
        "storage":"1000 GB",
        "io":"NVM"
    },
    {
        "manufacturer":"Mushkin",
        "model":"Mushkin Element 2000 GB",
        "storage":"2000 GB",
        "io":"NVM"
    },
    {
        "manufacturer":"Mushkin",
        "model":"Mushkin Element 4000 GB",
        "storage":"4000 GB",
        "io":"NVM"
    },
    {
        "manufacturer":"Mushkin",
        "model":"Mushkin Element 512 GB",
        "storage":"512 GB",
        "io":"NVM"
    },
    {
        "manufacturer":"OCZ",
        "model":"OCZ TL100  120GB TLC",
        "storage":"120 GB",
        "io":"SATA"
    },
    {
        "manufacturer":"OCZ",
        "model":"OCZ TL100  240GB TLC",
        "storage":"240 GB",
        "io":"SATA"
    },
    {
        "manufacturer":"OCZ",
        "model":"OCZ TR150  480GB TLC",
        "storage":"480 GB",
        "io":"SATA"
    },
    {
        "manufacturer":"OCZ",
        "model":"OCZ TR150  960GB TLC",
        "storage":"960 GB",
        "io":"SATA"
    },
    {
        "manufacturer":"OCZ",
        "model":"OCZ VT180  480GB MLC",
        "storage":"480 GB",
        "io":"SATA"
    },
    {
        "manufacturer":"OWC",
        "model":"OWC Aura 6G 120GB  MLC low profile  (MacBook Air 2012)",
        "storage":"120 GB",
        "io":"SATA"
    },
    {
        "manufacturer":"OWC",
        "model":"OWC Aura 6G 240GB  MLC low profile  (2010\/2011 MacBook Air)",
        "storage":"240 GB",
        "io":"SATA"
    },
    {
        "manufacturer":"OWC",
        "model":"OWC Aura 6G 240GB  MLC low profile  (iMac late 2012)",
        "storage":"240 GB",
        "io":"SATA"
    },
    {
        "manufacturer":"OWC",
        "model":"OWC Aura 6G 240GB  MLC low profile  (MacBook Pro RD Edition)",
        "storage":"240 GB",
        "io":"SATA"
    },
    {
        "manufacturer":"OWC",
        "model":"OWC Aura 6G 480GB  MLC low profile  (iMac late 2012)",
        "storage":"480 GB",
        "io":"SATA"
    },
    {
        "manufacturer":"OWC",
        "model":"OWC Aura 6G 480GB  MLC low profile  (MacBook Pro RD Edition)",
        "storage":"480 GB",
        "io":"SATA"
    },
    {
        "manufacturer":"OWC",
        "model":"OWC Aura 6G 960GB  MLC low profile  (iMac late 2012)",
        "storage":"960 GB",
        "io":"SATA"
    },
    {
        "manufacturer":"OWC",
        "model":"OWC Aura Pro 6G 120GB  MLC low profile  (2010\/2011 MacBook Air)",
        "storage":"120 GB",
        "io":"SATA"
    },
    {
        "manufacturer":"Patriot",
        "model":"Patriot Blast",
        "storage":"480 GB",
        "io":"SATA"
    },
    {
        "manufacturer":"Patriot",
        "model":"Patriot Burst",
        "storage":"120 GB",
        "io":"SATA"
    },
    {
        "manufacturer":"Patriot",
        "model":"Patriot Burst",
        "storage":"240 GB",
        "io":"SATA"
    },
    {
        "manufacturer":"Patriot",
        "model":"Patriot Flare",
        "storage":"120 GB",
        "io":"SATA"
    },
    {
        "manufacturer":"Patriot",
        "model":"Patriot Flare",
        "storage":"60 GB",
        "io":"SATA"
    },
    {
        "manufacturer":"Patriot",
        "model":"Patriot HellFire ",
        "storage":"480 GB",
        "io":"NVM"
    },
    {
        "manufacturer":"Patriot",
        "model":"Patriot HellFire M.2 Solid State Drive",
        "storage":"240 GB",
        "io":"SATA"
    },
    {
        "manufacturer":"Patriot",
        "model":"Patriot Spark",
        "storage":"512 GB",
        "io":"SATA"
    },
    {
        "manufacturer":"Patriot",
        "model":"Patriot Spark",
        "storage":"128 GB",
        "io":"SATA"
    },
    {
        "manufacturer":"Patriot",
        "model":"Patriot Spark",
        "storage":"256 GB",
        "io":"SATA"
    },
    {
        "manufacturer":"PNY",
        "model":"PNY CS2211",
        "storage":"960 GB",
        "io":"SATA"
    },
    {
        "manufacturer":"PNY",
        "model":"PNY CS3140 4000 GB",
        "storage":"4000 GB",
        "io":"NVM"
    },
    {
        "manufacturer":"PNY",
        "model":"PNY CS900",
        "storage":"120 GB",
        "io":"SATA"
    },
    {
        "manufacturer":"Sabrent",
        "model":"Sabrent Rocket",
        "storage":"256 GB",
        "io":"NVM"
    },
    {
        "manufacturer":"Samsung",
        "model":"Samsung  750 EVO Series 120GB",
        "storage":"120 GB",
        "io":"SATA"
    },
    {
        "manufacturer":"Samsung",
        "model":"Samsung  850 PRO Series 128GB",
        "storage":"128 GB",
        "io":"SATA"
    },
    {
        "manufacturer":"Samsung",
        "model":"Samsung  SM961-NVMe Series 128GB MLC -   - Enterprise",
        "storage":"128 GB",
        "io":"NVM"
    },
    {
        "manufacturer":"SAMSUNG",
        "model":"Samsung 750 Evo Series",
        "storage":"250 GB",
        "io":"SATA"
    },
    {
        "manufacturer":"SAMSUNG",
        "model":"Samsung 750 Evo Series",
        "storage":"500 GB",
        "io":"SATA"
    },
    {
        "manufacturer":"SAMSUNG",
        "model":"Samsung 850 EVO Series",
        "storage":"1000 GB",
        "io":"SATA"
    },
    {
        "manufacturer":"SAMSUNG",
        "model":"Samsung 850 EVO Series",
        "storage":"2000 GB",
        "io":"SATA"
    },
    {
        "manufacturer":"SAMSUNG",
        "model":"Samsung 850 EVO Series",
        "storage":"250 GB",
        "io":"SATA"
    },
    {
        "manufacturer":"SAMSUNG",
        "model":"Samsung 850 EVO Series",
        "storage":"4000 GB",
        "io":"SATA"
    },
    {
        "manufacturer":"SAMSUNG",
        "model":"Samsung 850 EVO Series",
        "storage":"500 GB",
        "io":"SATA"
    },
    {
        "manufacturer":"SAMSUNG",
        "model":"Samsung 850 PRO Series Solid State Drive",
        "storage":"256 GB",
        "io":"SATA"
    },
    {
        "manufacturer":"SAMSUNG",
        "model":"Samsung 850 PRO Series Solid State Drive",
        "storage":"512 GB",
        "io":"SATA"
    },
    {
        "manufacturer":"SAMSUNG",
        "model":"Samsung 850 PRO Series Solid State Drive",
        "storage":"1000 GB",
        "io":"SATA"
    },
    {
        "manufacturer":"SAMSUNG",
        "model":"Samsung 850 PRO Series Solid State Drive",
        "storage":"2000 GB",
        "io":"SATA"
    },
    {
        "manufacturer":"SAMSUNG",
        "model":"Samsung 860 EVO Series 250 GB",
        "storage":"250 GB",
        "io":"SATA"
    },
    {
        "manufacturer":"SAMSUNG",
        "model":"Samsung 860 EVO Series 4000 GB",
        "storage":"4000 GB",
        "io":"SATA"
    },
    {
        "manufacturer":"SAMSUNG",
        "model":"Samsung 860 PRO Series 1000 GB",
        "storage":"1000 GB",
        "io":"SATA"
    },
    {
        "manufacturer":"SAMSUNG",
        "model":"Samsung 860 PRO Series 2000 GB",
        "storage":"2000 GB",
        "io":"SATA"
    },
    {
        "manufacturer":"SAMSUNG",
        "model":"Samsung 860 PRO Series 256 GB",
        "storage":"256 GB",
        "io":"SATA"
    },
    {
        "manufacturer":"SAMSUNG",
        "model":"Samsung 860 PRO Series 4000 GB",
        "storage":"4000 GB",
        "io":"SATA"
    },
    {
        "manufacturer":"SAMSUNG",
        "model":"Samsung 860 PRO Series 512 GB",
        "storage":"512 GB",
        "io":"SATA"
    },
    {
        "manufacturer":"SAMSUNG",
        "model":"Samsung 870 EVO 1000 GB",
        "storage":"1000 GB",
        "io":"SATA"
    },
    {
        "manufacturer":"SAMSUNG",
        "model":"Samsung 870 EVO 2000 GB",
        "storage":"2000 GB",
        "io":"SATA"
    },
    {
        "manufacturer":"SAMSUNG",
        "model":"Samsung 870 EVO 250 GB",
        "storage":"250 GB",
        "io":"SATA"
    },
    {
        "manufacturer":"SAMSUNG",
        "model":"Samsung 870 EVO 4000 GB",
        "storage":"4000 GB",
        "io":"SATA"
    },
    {
        "manufacturer":"SAMSUNG",
        "model":"Samsung 870 EVO 500 GB",
        "storage":"500 GB",
        "io":"SATA"
    },
    {
        "manufacturer":"SAMSUNG",
        "model":"Samsung 870 QVO 1000 GB",
        "storage":"1000 GB",
        "io":"SATA"
    },
    {
        "manufacturer":"SAMSUNG",
        "model":"Samsung 870 QVO 2000 GB",
        "storage":"2000 GB",
        "io":"SATA"
    },
    {
        "manufacturer":"SAMSUNG",
        "model":"Samsung 870 QVO 4000 GB",
        "storage":"4000 GB",
        "io":"SATA"
    },
    {
        "manufacturer":"SAMSUNG",
        "model":"Samsung 870 QVO 8000 GB",
        "storage":"8000 GB",
        "io":"SATA"
    },
    {
        "manufacturer":"SAMSUNG",
        "model":"Samsung 960 EVO ",
        "storage":"250 GB",
        "io":"NVM"
    },
    {
        "manufacturer":"SAMSUNG",
        "model":"Samsung 960 EVO ",
        "storage":"500 GB",
        "io":"NVM"
    },
    {
        "manufacturer":"SAMSUNG",
        "model":"Samsung 960 EVO ",
        "storage":"1000 GB",
        "io":"NVM"
    },
    {
        "manufacturer":"SAMSUNG",
        "model":"Samsung 960 PRO ",
        "storage":"512 GB",
        "io":"NVM"
    },
    {
        "manufacturer":"SAMSUNG",
        "model":"Samsung 960 PRO ",
        "storage":"1000 GB",
        "io":"NVM"
    },
    {
        "manufacturer":"SAMSUNG",
        "model":"Samsung 960 PRO ",
        "storage":"2000 GB",
        "io":"NVM"
    },
    {
        "manufacturer":"SAMSUNG",
        "model":"Samsung 970 Evo Plus 250 GB",
        "storage":"250 GB",
        "io":"NVM"
    },
    {
        "manufacturer":"SAMSUNG",
        "model":"Samsung 970 Evo Plus 500 GB",
        "storage":"500 GB",
        "io":"NVM"
    },
    {
        "manufacturer":"SAMSUNG",
        "model":"Samsung 970 PRO 1000 GB",
        "storage":"1000 GB",
        "io":"NVM"
    },
    {
        "manufacturer":"SAMSUNG",
        "model":"Samsung 970 PRO 512 GB",
        "storage":"512 GB",
        "io":"NVM"
    },
    {
        "manufacturer":"SAMSUNG",
        "model":"Samsung 980 1000 GB",
        "storage":"1000 GB",
        "io":"NVM"
    },
    {
        "manufacturer":"SAMSUNG",
        "model":"Samsung 980 250 GB",
        "storage":"250 GB",
        "io":"NVM"
    },
    {
        "manufacturer":"SAMSUNG",
        "model":"Samsung 980 500 GB",
        "storage":"500 GB",
        "io":"NVM"
    },
    {
        "manufacturer":"SAMSUNG",
        "model":"Samsung 980 PRO Series 250 GB",
        "storage":"250 GB",
        "io":"NVM"
    },
    {
        "manufacturer":"SAMSUNG",
        "model":"Samsung 990 PRO Series 1000 GB",
        "storage":"1000 GB",
        "io":"NVM"
    },
    {
        "manufacturer":"SAMSUNG",
        "model":"Samsung 990 PRO Series 2000 GB",
        "storage":"2000 GB",
        "io":"NVM"
    },
    {
        "manufacturer":"SAMSUNG",
        "model":"Samsung PM883 Series 0 GB",
        "storage":"0 GB",
        "io":"SATA"
    },
    {
        "manufacturer":"SAMSUNG",
        "model":"Samsung PM883 Series 0 GB",
        "storage":"0 GB",
        "io":"SATA"
    },
    {
        "manufacturer":"SAMSUNG",
        "model":"Samsung PM883 Series 240 GB",
        "storage":"240 GB",
        "io":"SATA"
    },
    {
        "manufacturer":"SAMSUNG",
        "model":"Samsung PM883 Series 480 GB",
        "storage":"480 GB",
        "io":"SATA"
    },
    {
        "manufacturer":"SAMSUNG",
        "model":"Samsung PM883 Series 960 GB",
        "storage":"960 GB",
        "io":"SATA"
    },
    {
        "manufacturer":"SAMSUNG",
        "model":"Samsung PM897 Series 480 GB",
        "storage":"480 GB",
        "io":"SATA"
    },
    {
        "manufacturer":"SAMSUNG",
        "model":"Samsung PM981 256 GB",
        "storage":"256 GB",
        "io":"NVM"
    },
    {
        "manufacturer":"SAMSUNG",
        "model":"Samsung SM883 Series 0 GB",
        "storage":"0 GB",
        "io":"SATA"
    },
    {
        "manufacturer":"SAMSUNG",
        "model":"Samsung SM883 Series 240 GB",
        "storage":"240 GB",
        "io":"SATA"
    },
    {
        "manufacturer":"SAMSUNG",
        "model":"Samsung SM883 Series 480 GB",
        "storage":"480 GB",
        "io":"SATA"
    },
    {
        "manufacturer":"SAMSUNG",
        "model":"Samsung SM883 Series 960 GB",
        "storage":"960 GB",
        "io":"SATA"
    },
    {
        "manufacturer":"SanDisk",
        "model":"SanDisk  Plus 120GB TLC",
        "storage":"120 GB",
        "io":"SATA"
    },
    {
        "manufacturer":"SanDisk",
        "model":"SanDisk  Plus 240GB TLC",
        "storage":"240 GB",
        "io":"SATA"
    },
    {
        "manufacturer":"SanDisk",
        "model":"SanDisk  Plus 480GB TLC",
        "storage":"480 GB",
        "io":"SATA"
    },
    {
        "manufacturer":"SanDisk",
        "model":"SanDisk  Plus 960GB TLC",
        "storage":"960 GB",
        "io":"SATA"
    },
    {
        "manufacturer":"SanDisk",
        "model":"SanDisk Ultra II  240GB TLC",
        "storage":"240 GB",
        "io":"SATA"
    },
    {
        "manufacturer":"SanDisk",
        "model":"SanDisk Ultra II  480GB TLC",
        "storage":"480 GB",
        "io":"SATA"
    },
    {
        "manufacturer":"SanDisk",
        "model":"SanDisk Ultra II  960GB TLC",
        "storage":"960 GB",
        "io":"SATA"
    },
    {
        "manufacturer":"Seagate",
        "model":"Seagate BarraCuda 510 1000 GB",
        "storage":"1000 GB",
        "io":"NVM"
    },
    {
        "manufacturer":"Seagate",
        "model":"Seagate BarraCuda 510 512 GB",
        "storage":"512 GB",
        "io":"NVM"
    },
    {
        "manufacturer":"Seagate",
        "model":"Seagate FireCuda 530 1000 GB",
        "storage":"1000 GB",
        "io":"NVM"
    },
    {
        "manufacturer":"Seagate",
        "model":"Seagate FireCuda 530 2000 GB",
        "storage":"2000 GB",
        "io":"NVM"
    },
    {
        "manufacturer":"Seagate",
        "model":"Seagate FireCuda 530 4000 GB",
        "storage":"4000 GB",
        "io":"NVM"
    },
    {
        "manufacturer":"Seagate",
        "model":"Seagate FireCuda 530 500 GB",
        "storage":"500 GB",
        "io":"NVM"
    },
    {
        "manufacturer":"Seagate",
        "model":"Seagate IronWolf 240 GB",
        "storage":"240 GB",
        "io":"NVM"
    },
    {
        "manufacturer":"Seagate",
        "model":"Seagate IronWolf 480 GB",
        "storage":"480 GB",
        "io":"NVM"
    },
    {
        "manufacturer":"Seagate",
        "model":"Seagate IronWolf 960 GB",
        "storage":"960 GB",
        "io":"NVM"
    },
    {
        "manufacturer":"Solidigm",
        "model":"Solidigm P44 Pro 1000 GB",
        "storage":"1000 GB",
        "io":"NVM"
    },
    {
        "manufacturer":"Solidigm",
        "model":"Solidigm P44 Pro 2000 GB",
        "storage":"2000 GB",
        "io":"NVM"
    },
    {
        "manufacturer":"Solidigm",
        "model":"Solidigm P44 Pro 512 GB",
        "storage":"512 GB",
        "io":"NVM"
    },
    {
        "manufacturer":"Team Group",
        "model":"Team Group DARK L3 Series",
        "storage":"60 GB",
        "io":"SATA"
    },
    {
        "manufacturer":"Team Group",
        "model":"Team Group L5 Lite 3D Series",
        "storage":"120 GB",
        "io":"SATA"
    },
    {
        "manufacturer":"Team Group",
        "model":"Team Group L5 Lite 3D Series",
        "storage":"240 GB",
        "io":"SATA"
    },
    {
        "manufacturer":"Team Group",
        "model":"Team Group L5 Lite 3D Series",
        "storage":"480 GB",
        "io":"SATA"
    },
    {
        "manufacturer":"Team Group",
        "model":"Team Group L5 Lite 3D Series",
        "storage":"1000 GB",
        "io":"SATA"
    },
    {
        "manufacturer":"Team Group",
        "model":"Team Group L5 Lite Series",
        "storage":"120 GB",
        "io":"SATA"
    },
    {
        "manufacturer":"Team Group",
        "model":"Team Group L5 Lite Series",
        "storage":"240 GB",
        "io":"SATA"
    },
    {
        "manufacturer":"Team Group",
        "model":"Team Group L5 Lite Series",
        "storage":"480 GB",
        "io":"SATA"
    },
    {
        "manufacturer":"Team Group",
        "model":"Team Group L5 Lite Series",
        "storage":"60 GB",
        "io":"SATA"
    },
    {
        "manufacturer":"Team Group",
        "model":"Team Group L7 EVO Series",
        "storage":"120 GB",
        "io":"SATA"
    },
    {
        "manufacturer":"Team Group",
        "model":"Team Group L7 EVO Series",
        "storage":"240 GB",
        "io":"SATA"
    },
    {
        "manufacturer":"Team Group",
        "model":"Team Group L7 EVO Series 60 GB",
        "storage":"60 GB",
        "io":"SATA"
    },
    {
        "manufacturer":"Team Group",
        "model":"Team Group M.2 Lite Solid State Drive",
        "storage":"128 GB",
        "io":"SATA"
    },
    {
        "manufacturer":"Team Group",
        "model":"Team Group M.2 Solid State Drive",
        "storage":"512 GB",
        "io":"SATA"
    },
    {
        "manufacturer":"Team Group",
        "model":"Team Group M.2 Solid State Drive Lite",
        "storage":"256 GB",
        "io":"SATA"
    },
    {
        "manufacturer":"Team Group",
        "model":"Team Group M.2 Solid State Drive Lite",
        "storage":"128 GB",
        "io":"SATA"
    },
    {
        "manufacturer":"Team Group",
        "model":"Team Group P30 ",
        "storage":"480 GB",
        "io":"NVM"
    },
    {
        "manufacturer":"Team Group",
        "model":"Team Group P30 240 GB",
        "storage":"240 GB",
        "io":"NVM"
    },
    {
        "manufacturer":"Team Group",
        "model":"Team Group T-Force Delta R 1000 GB",
        "storage":"1000 GB",
        "io":"SATA"
    },
    {
        "manufacturer":"Team Group",
        "model":"Team Group T-Force Delta R 1000 GB",
        "storage":"1000 GB",
        "io":"SATA"
    },
    {
        "manufacturer":"Team Group",
        "model":"Team Group T-Force Delta RGB 1000 GB",
        "storage":"1000 GB",
        "io":"SATA"
    },
    {
        "manufacturer":"Team Group",
        "model":"Team Group T-Force Delta RGB 1000 GB",
        "storage":"1000 GB",
        "io":"SATA"
    },
    {
        "manufacturer":"Team Group",
        "model":"Team Group Ultra L3 EVO Series",
        "storage":"120 GB",
        "io":"SATA"
    },
    {
        "manufacturer":"Team Group",
        "model":"Team Group Ultra L3 EVO Series 240 GB",
        "storage":"240 GB",
        "io":"SATA"
    },
    {
        "manufacturer":"Toshiba",
        "model":"Toshiba OCZ RD400 Series Solid State Drive",
        "storage":"128 GB",
        "io":"NVM"
    },
    {
        "manufacturer":"Toshiba",
        "model":"Toshiba OCZ RD400 Series Solid State Drive",
        "storage":"256 GB",
        "io":"NVM"
    },
    {
        "manufacturer":"Toshiba",
        "model":"Toshiba OCZ RD400 Series Solid State Drive",
        "storage":"512 GB",
        "io":"NVM"
    },
    {
        "manufacturer":"Toshiba",
        "model":"Toshiba OCZ RD400 Series Solid State Drive",
        "storage":"1000 GB",
        "io":"NVM"
    },
    {
        "manufacturer":"Toshiba",
        "model":"Toshiba OCZ VX500 Series",
        "storage":"1024 GB",
        "io":"SATA"
    },
    {
        "manufacturer":"Toshiba",
        "model":"Toshiba OCZ VX500 Series",
        "storage":"512 GB",
        "io":"SATA"
    },
    {
        "manufacturer":"Toshiba",
        "model":"Toshiba OCZ VX500 Series",
        "storage":"256 GB",
        "io":"SATA"
    },
    {
        "manufacturer":"Toshiba",
        "model":"Toshiba OCZ VX500 Series",
        "storage":"128 GB",
        "io":"SATA"
    },
    {
        "manufacturer":"Toshiba",
        "model":"Toshiba RC500 250 GB",
        "storage":"250 GB",
        "io":"NVM"
    },
    {
        "manufacturer":"Toshiba",
        "model":"Toshiba RC500 500 GB",
        "storage":"500 GB",
        "io":"NVM"
    },
    {
        "manufacturer":"Toshiba",
        "model":"Toshiba RD500 1000 GB",
        "storage":"1000 GB",
        "io":"NVM"
    },
    {
        "manufacturer":"Toshiba",
        "model":"Toshiba RD500 500 GB",
        "storage":"500 GB",
        "io":"NVM"
    },
    {
        "manufacturer":"Toshiba",
        "model":"Toshiba TR200 240 GB",
        "storage":"240 GB",
        "io":"SATA"
    },
    {
        "manufacturer":"Toshiba",
        "model":"Toshiba TR200 480 GB",
        "storage":"480 GB",
        "io":"SATA"
    },
    {
        "manufacturer":"Toshiba",
        "model":"Toshiba TR200 960 GB",
        "storage":"960 GB",
        "io":"SATA"
    },
    {
        "manufacturer":"Transcend",
        "model":"Transcend   120GB TLC   -",
        "storage":"120 GB",
        "io":"SATA"
    },
    {
        "manufacturer":"Transcend",
        "model":"Transcend 2240  128GB MLC   -  2242",
        "storage":"128 GB",
        "io":"SATA"
    },
    {
        "manufacturer":"Western Digital",
        "model":"Western Digital Black NVMe M.2 Solid State Drive",
        "storage":"250 GB",
        "io":"NVM"
    },
    {
        "manufacturer":"Western Digital",
        "model":"Western Digital Black NVMe M.2 Solid State Drive",
        "storage":"500 GB",
        "io":"NVM"
    },
    {
        "manufacturer":"Western Digital",
        "model":"Western Digital Black NVMe M.2 Solid State Drive",
        "storage":"256 GB",
        "io":"NVM"
    },
    {
        "manufacturer":"Western Digital",
        "model":"Western Digital Black NVMe M.2 Solid State Drive",
        "storage":"512 GB",
        "io":"NVM"
    },
    {
        "manufacturer":"Western Digital",
        "model":"Western Digital Black SN750 NVMe M.2 Solid State Drive 250 GB",
        "storage":"250 GB",
        "io":"NVM"
    },
    {
        "manufacturer":"Western Digital",
        "model":"Western Digital Black SN750 NVMe M.2 Solid State Drive 500 GB",
        "storage":"500 GB",
        "io":"NVM"
    },
    {
        "manufacturer":"Western Digital",
        "model":"Western Digital Black SN750 Solid State Drive 1000 GB",
        "storage":"1000 GB",
        "io":"NVM"
    },
    {
        "manufacturer":"Western Digital",
        "model":"Western Digital Black SN850 NVMe M.2 Solid State Drive 1000 GB",
        "storage":"1000 GB",
        "io":"NVM"
    },
    {
        "manufacturer":"Western Digital",
        "model":"Western Digital Black SN850 NVMe M.2 Solid State Drive 1000 GB",
        "storage":"1000 GB",
        "io":"NVM"
    },
    {
        "manufacturer":"Western Digital",
        "model":"Western Digital Black SN850 NVMe M.2 Solid State Drive 2000 GB",
        "storage":"2000 GB",
        "io":"NVM"
    },
    {
        "manufacturer":"Western Digital",
        "model":"Western Digital Black SN850 NVMe M.2 Solid State Drive 2000 GB",
        "storage":"2000 GB",
        "io":"NVM"
    },
    {
        "manufacturer":"Western Digital",
        "model":"Western Digital Black SN850 NVMe M.2 Solid State Drive 500 GB",
        "storage":"500 GB",
        "io":"NVM"
    },
    {
        "manufacturer":"Western Digital",
        "model":"Western Digital Blue",
        "storage":"250 GB",
        "io":"SATA"
    },
    {
        "manufacturer":"Western Digital",
        "model":"Western Digital Blue",
        "storage":"500 GB",
        "io":"SATA"
    },
    {
        "manufacturer":"Western Digital",
        "model":"Western Digital Blue 3D 1000 GB",
        "storage":"1000 GB",
        "io":"SATA"
    },
    {
        "manufacturer":"Western Digital",
        "model":"Western Digital Blue 3D 2000 GB",
        "storage":"2000 GB",
        "io":"SATA"
    },
    {
        "manufacturer":"Western Digital",
        "model":"Western Digital Blue 3D 250 GB",
        "storage":"250 GB",
        "io":"SATA"
    },
    {
        "manufacturer":"Western Digital",
        "model":"Western Digital Blue 3D 500 GB",
        "storage":"500 GB",
        "io":"SATA"
    },
    {
        "manufacturer":"Western Digital",
        "model":"Western Digital Blue 3D M.2 - 1 TB 1000 GB",
        "storage":"1000 GB",
        "io":"SATA"
    },
    {
        "manufacturer":"Western Digital",
        "model":"Western Digital Blue 3D M.2 - 2 TB 2000 GB",
        "storage":"2000 GB",
        "io":"NVM"
    },
    {
        "manufacturer":"Western Digital",
        "model":"Western Digital Blue 3D M.2 Solid State Drive 250 GB",
        "storage":"250 GB",
        "io":"SATA"
    },
    {
        "manufacturer":"Western Digital",
        "model":"Western Digital Blue 3D M.2 Solid State Drive 500 GB",
        "storage":"500 GB",
        "io":"SATA"
    },
    {
        "manufacturer":"Western Digital",
        "model":"Western Digital Blue M.2 Solid State Drive",
        "storage":"500 GB",
        "io":"SATA"
    },
    {
        "manufacturer":"Western Digital",
        "model":"Western Digital Blue M.2 Solid State Drive",
        "storage":"1000 GB",
        "io":"SATA"
    },
    {
        "manufacturer":"Western Digital",
        "model":"Western Digital Blue M.2 Solid State Drive",
        "storage":"250 GB",
        "io":"SATA"
    },
    {
        "manufacturer":"Western Digital",
        "model":"Western Digital Blue SN500 NVMe 500 GB",
        "storage":"500 GB",
        "io":"NVM"
    },
    {
        "manufacturer":"Western Digital",
        "model":"Western Digital Blue SN550 NVMe 2000 GB",
        "storage":"2000 GB",
        "io":"NVM"
    },
    {
        "manufacturer":"Western Digital",
        "model":"Western Digital Blue SN550 NVMe 250 GB",
        "storage":"250 GB",
        "io":"NVM"
    },
    {
        "manufacturer":"Western Digital",
        "model":"Western Digital Green",
        "storage":"120 GB",
        "io":"SATA"
    },
    {
        "manufacturer":"Western Digital",
        "model":"Western Digital Green",
        "storage":"240 GB",
        "io":"SATA"
    },
    {
        "manufacturer":"Western Digital",
        "model":"Western Digital Green 120 GB",
        "storage":"120 GB",
        "io":"SATA"
    },
    {
        "manufacturer":"Western Digital",
        "model":"Western Digital Green 240 GB",
        "storage":"240 GB",
        "io":"SATA"
    },
    {
        "manufacturer":"Western Digital",
        "model":"Western Digital Green M.2 Solid State Drive",
        "storage":"240 GB",
        "io":"SATA"
    },
    {
        "manufacturer":"Western Digital",
        "model":"Western Digital Green M.2 Solid State Drive 120 GB",
        "storage":"120 GB",
        "io":"SATA"
    },
    {
        "manufacturer":"Western Digital",
        "model":"Western Digital Green M.2 Solid State Drive 240 GB",
        "storage":"240 GB",
        "io":"SATA"
    },
    {
        "manufacturer":"ZOTAC",
        "model":"ZOTAC T400",
        "storage":"120 GB",
        "io":"SATA"
    }
]